loc_name;dat_year;dat_value;rec_samplingtype;loc_area;rec_unit
Adour Estuary commercial catch;1986;8;commercial catch;Atlantic Ocean;t
Adour Estuary commercial catch;1987;9.5;commercial catch;Atlantic Ocean;t
Adour Estuary commercial catch;1988;12;commercial catch;Atlantic Ocean;t
Adour Estuary commercial catch;1989;9;commercial catch;Atlantic Ocean;t
Adour Estuary commercial catch;1990;3.2;commercial catch;Atlantic Ocean;t
Adour Estuary commercial catch;1991;1.5;commercial catch;Atlantic Ocean;t
Adour Estuary commercial catch;1992;8;commercial catch;Atlantic Ocean;t
Adour Estuary commercial catch;1993;5.5;commercial catch;Atlantic Ocean;t
Adour Estuary commercial catch;1994;3;commercial catch;Atlantic Ocean;t
Adour Estuary commercial catch;1995;7.5;commercial catch;Atlantic Ocean;t
Adour Estuary commercial catch;1996;4.1;commercial catch;Atlantic Ocean;t
Adour Estuary commercial catch;1997;4.6;commercial catch;Atlantic Ocean;t
Adour Estuary commercial catch;1998;1.5;commercial catch;Atlantic Ocean;t
Adour Estuary commercial catch;1999;4.3;commercial catch;Atlantic Ocean;t
Adour Estuary commercial catch;2000;10;commercial catch;Atlantic Ocean;t
Adour Estuary commercial catch;2001;2;commercial catch;Atlantic Ocean;t
Adour Estuary commercial catch;2002;1.8;commercial catch;Atlantic Ocean;t
Adour Estuary commercial catch;2003;0.6;commercial catch;Atlantic Ocean;t
Adour Estuary commercial catch;2004;1.8;commercial catch;Atlantic Ocean;t
Adour Estuary commercial catch;2005;3.2;commercial catch;Atlantic Ocean;t
Adour Estuary commercial catch;2006;1.7;commercial catch;Atlantic Ocean;t
Adour Estuary commercial catch;2007;1.4;commercial catch;Atlantic Ocean;t
Adour Estuary commercial catch;2008;1.7;commercial catch;Atlantic Ocean;t
Adour Estuary (CPUE) commercial CPUE;1928;5;commercial CPUE;Atlantic Ocean;cpue        
Adour Estuary (CPUE) commercial CPUE;1929;5.5;commercial CPUE;Atlantic Ocean;cpue        
Adour Estuary (CPUE) commercial CPUE;1930;6.7;commercial CPUE;Atlantic Ocean;cpue        
Adour Estuary (CPUE) commercial CPUE;1931;18.7;commercial CPUE;Atlantic Ocean;cpue        
Adour Estuary (CPUE) commercial CPUE;1966;5.1;commercial CPUE;Atlantic Ocean;cpue        
Adour Estuary (CPUE) commercial CPUE;1967;6.4;commercial CPUE;Atlantic Ocean;cpue        
Adour Estuary (CPUE) commercial CPUE;1968;10.1;commercial CPUE;Atlantic Ocean;cpue        
Adour Estuary (CPUE) commercial CPUE;1969;5;commercial CPUE;Atlantic Ocean;cpue        
Adour Estuary (CPUE) commercial CPUE;1970;7.5;commercial CPUE;Atlantic Ocean;cpue        
Adour Estuary (CPUE) commercial CPUE;1971;4.6;commercial CPUE;Atlantic Ocean;cpue        
Adour Estuary (CPUE) commercial CPUE;1972;4.4;commercial CPUE;Atlantic Ocean;cpue        
Adour Estuary (CPUE) commercial CPUE;1973;4.5;commercial CPUE;Atlantic Ocean;cpue        
Adour Estuary (CPUE) commercial CPUE;1974;7.4;commercial CPUE;Atlantic Ocean;cpue        
Adour Estuary (CPUE) commercial CPUE;1975;5;commercial CPUE;Atlantic Ocean;cpue        
Adour Estuary (CPUE) commercial CPUE;1976;11;commercial CPUE;Atlantic Ocean;cpue        
Adour Estuary (CPUE) commercial CPUE;1979;10;commercial CPUE;Atlantic Ocean;cpue        
Adour Estuary (CPUE) commercial CPUE;1980;5;commercial CPUE;Atlantic Ocean;cpue        
Adour Estuary (CPUE) commercial CPUE;1985;2.4;commercial CPUE;Atlantic Ocean;cpue        
Adour Estuary (CPUE) commercial CPUE;1986;1.5;commercial CPUE;Atlantic Ocean;cpue        
Adour Estuary (CPUE) commercial CPUE;1987;3.3;commercial CPUE;Atlantic Ocean;cpue        
Adour Estuary (CPUE) commercial CPUE;1988;3.7;commercial CPUE;Atlantic Ocean;cpue        
Adour Estuary (CPUE) commercial CPUE;1989;4.1;commercial CPUE;Atlantic Ocean;cpue        
Adour Estuary (CPUE) commercial CPUE;1990;1.2;commercial CPUE;Atlantic Ocean;cpue        
Adour Estuary (CPUE) commercial CPUE;1991;0.7;commercial CPUE;Atlantic Ocean;cpue        
Adour Estuary (CPUE) commercial CPUE;1992;2.9;commercial CPUE;Atlantic Ocean;cpue        
Adour Estuary (CPUE) commercial CPUE;1993;2.4;commercial CPUE;Atlantic Ocean;cpue        
Adour Estuary (CPUE) commercial CPUE;1994;1.4;commercial CPUE;Atlantic Ocean;cpue        
Adour Estuary (CPUE) commercial CPUE;1995;2.6;commercial CPUE;Atlantic Ocean;cpue        
Adour Estuary (CPUE) commercial CPUE;1996;1.53;commercial CPUE;Atlantic Ocean;cpue        
Adour Estuary (CPUE) commercial CPUE;1997;1.6;commercial CPUE;Atlantic Ocean;cpue        
Adour Estuary (CPUE) commercial CPUE;1998;1.07;commercial CPUE;Atlantic Ocean;cpue        
Adour Estuary (CPUE) commercial CPUE;1999;1.82;commercial CPUE;Atlantic Ocean;cpue        
Adour Estuary (CPUE) commercial CPUE;2000;4.43;commercial CPUE;Atlantic Ocean;cpue        
Adour Estuary (CPUE) commercial CPUE;2001;0.49;commercial CPUE;Atlantic Ocean;cpue        
Adour Estuary (CPUE) commercial CPUE;2002;0.89;commercial CPUE;Atlantic Ocean;cpue        
Adour Estuary (CPUE) commercial CPUE;2003;0.31;commercial CPUE;Atlantic Ocean;cpue        
Adour Estuary (CPUE) commercial CPUE;2004;0.6;commercial CPUE;Atlantic Ocean;cpue        
Adour Estuary (CPUE) commercial CPUE;2005;1.13;commercial CPUE;Atlantic Ocean;cpue        
Adour Estuary (CPUE) commercial CPUE;2006;0.72;commercial CPUE;Atlantic Ocean;cpue        
Adour Estuary (CPUE) commercial CPUE;2007;0.66;commercial CPUE;Atlantic Ocean;cpue        
Adour Estuary (CPUE) commercial CPUE;2008;1.05;commercial CPUE;Atlantic Ocean;cpue        
Albufera de Valencia commercial catch;1949;9319;commercial catch;Mediterannean Sea;Kg          
Albufera de Valencia commercial catch;1950;3828;commercial catch;Mediterannean Sea;Kg          
Albufera de Valencia commercial catch;1951;2093;commercial catch;Mediterannean Sea;Kg          
Albufera de Valencia commercial catch;1953;2535;commercial catch;Mediterannean Sea;Kg          
Albufera de Valencia commercial catch;1954;5910;commercial catch;Mediterannean Sea;Kg          
Albufera de Valencia commercial catch;1955;906;commercial catch;Mediterannean Sea;Kg          
Albufera de Valencia commercial catch;1956;884;commercial catch;Mediterannean Sea;Kg          
Albufera de Valencia commercial catch;1957;2833;commercial catch;Mediterannean Sea;Kg          
Albufera de Valencia commercial catch;1958;402;commercial catch;Mediterannean Sea;Kg          
Albufera de Valencia commercial catch;1959;6637;commercial catch;Mediterannean Sea;Kg          
Albufera de Valencia commercial catch;1960;9453;commercial catch;Mediterannean Sea;Kg          
Albufera de Valencia commercial catch;1961;16731;commercial catch;Mediterannean Sea;Kg          
Albufera de Valencia commercial catch;1962;11088;commercial catch;Mediterannean Sea;Kg          
Albufera de Valencia commercial catch;1963;7997;commercial catch;Mediterannean Sea;Kg          
Albufera de Valencia commercial catch;1964;11000;commercial catch;Mediterannean Sea;Kg          
Albufera de Valencia commercial catch;1965;4000;commercial catch;Mediterannean Sea;Kg          
Albufera de Valencia commercial catch;1966;6000;commercial catch;Mediterannean Sea;Kg          
Albufera de Valencia commercial catch;1967;5000;commercial catch;Mediterannean Sea;Kg          
Albufera de Valencia commercial catch;1968;4000;commercial catch;Mediterannean Sea;Kg          
Albufera de Valencia commercial catch;1969;4000;commercial catch;Mediterannean Sea;Kg          
Albufera de Valencia commercial catch;1970;5000;commercial catch;Mediterannean Sea;Kg          
Albufera de Valencia commercial catch;1971;1000;commercial catch;Mediterannean Sea;Kg          
Albufera de Valencia commercial catch;1972;1000;commercial catch;Mediterannean Sea;Kg          
Albufera de Valencia commercial catch;1973;1000;commercial catch;Mediterannean Sea;Kg          
Albufera de Valencia commercial catch;1974;2000;commercial catch;Mediterannean Sea;Kg          
Albufera de Valencia commercial catch;1975;1000;commercial catch;Mediterannean Sea;Kg          
Albufera de Valencia commercial catch;1976;6000;commercial catch;Mediterannean Sea;Kg          
Albufera de Valencia commercial catch;1977;5000;commercial catch;Mediterannean Sea;Kg          
Albufera de Valencia commercial catch;1982;1309;commercial catch;Mediterannean Sea;Kg          
Albufera de Valencia commercial catch;1983;640;commercial catch;Mediterannean Sea;Kg          
Albufera de Valencia commercial catch;1984;2387;commercial catch;Mediterannean Sea;Kg          
Albufera de Valencia commercial catch;1985;2980;commercial catch;Mediterannean Sea;Kg          
Albufera de Valencia commercial catch;1986;402;commercial catch;Mediterannean Sea;Kg          
Albufera de Valencia commercial catch;1987;2845;commercial catch;Mediterannean Sea;Kg          
Albufera de Valencia commercial catch;1988;4255;commercial catch;Mediterannean Sea;Kg          
Albufera de Valencia commercial catch;1989;2513;commercial catch;Mediterannean Sea;Kg          
Albufera de Valencia commercial catch;1990;1321;commercial catch;Mediterannean Sea;Kg          
Albufera de Valencia commercial catch;1991;1079;commercial catch;Mediterannean Sea;Kg          
Albufera de Valencia commercial catch;1992;830;commercial catch;Mediterannean Sea;Kg          
Albufera de Valencia commercial catch;1993;355;commercial catch;Mediterannean Sea;Kg          
Albufera de Valencia commercial catch;1994;303;commercial catch;Mediterannean Sea;Kg          
Albufera de Valencia commercial catch;1995;199;commercial catch;Mediterannean Sea;Kg          
Albufera de Valencia commercial catch;1996;271;commercial catch;Mediterannean Sea;Kg          
Albufera de Valencia commercial catch;1997;366;commercial catch;Mediterannean Sea;Kg          
Albufera de Valencia commercial catch;1998;1348;commercial catch;Mediterannean Sea;Kg          
Albufera de Valencia commercial catch;1999;615;commercial catch;Mediterannean Sea;Kg          
Albufera de Valencia commercial catch;2000;323;commercial catch;Mediterannean Sea;Kg          
Albufera de Valencia commercial catch;2001;569;commercial catch;Mediterannean Sea;Kg          
Albufera de Valencia commercial catch;2002;557;commercial catch;Mediterannean Sea;Kg          
Albufera de Valencia commercial catch;2003;390;commercial catch;Mediterannean Sea;Kg          
Albufera de Valencia commercial catch;2004;269;commercial catch;Mediterannean Sea;Kg          
Albufera de Valencia commercial catch;2005;230;commercial catch;Mediterannean Sea;Kg          
Albufera de Valencia commercial catch;2006;203;commercial catch;Mediterannean Sea;Kg          
Albufera de Valencia commercial catch;2007;283;commercial catch;Mediterannean Sea;Kg          
Albufera de Valencia commercial catch;2008;119;commercial catch;Mediterannean Sea;Kg          
Albufera de Valencia commercial catch;2009;77;commercial catch;Mediterannean Sea;Kg          
Albufera de Valencia commercial catch;2010;125;commercial catch;Mediterannean Sea;Kg          
Albufera de Valencia commercial catch;2011;151;commercial catch;Mediterannean Sea;Kg          
Albufera de Valencia commercial catch;2012;123;commercial catch;Mediterannean Sea;Kg          
Albufera de Valencia commercial catch;2013;112;commercial catch;Mediterannean Sea;Kg          
Albufera de Valencia commercial catch;2014;109;commercial catch;Mediterannean Sea;Kg          
Bann trapping partial;1960;7409;trapping partial;Atlantic Ocean;Kg          
Bann trapping partial;1961;4939;trapping partial;Atlantic Ocean;Kg          
Bann trapping partial;1962;6740;trapping partial;Atlantic Ocean;Kg          
Bann trapping partial;1963;9077;trapping partial;Atlantic Ocean;Kg          
Bann trapping partial;1964;3137;trapping partial;Atlantic Ocean;Kg          
Bann trapping partial;1965;3801;trapping partial;Atlantic Ocean;Kg          
Bann trapping partial;1966;6183;trapping partial;Atlantic Ocean;Kg          
Bann trapping partial;1967;1899;trapping partial;Atlantic Ocean;Kg          
Bann trapping partial;1968;2525;trapping partial;Atlantic Ocean;Kg          
Bann trapping partial;1969;422;trapping partial;Atlantic Ocean;Kg          
Bann trapping partial;1970;3992;trapping partial;Atlantic Ocean;Kg          
Bann trapping partial;1971;4157;trapping partial;Atlantic Ocean;Kg          
Bann trapping partial;1972;2905;trapping partial;Atlantic Ocean;Kg          
Bann trapping partial;1973;2524;trapping partial;Atlantic Ocean;Kg          
Bann trapping partial;1974;5859;trapping partial;Atlantic Ocean;Kg          
Bann trapping partial;1975;4637;trapping partial;Atlantic Ocean;Kg          
Bann trapping partial;1976;2920;trapping partial;Atlantic Ocean;Kg          
Bann trapping partial;1977;6443;trapping partial;Atlantic Ocean;Kg          
Bann trapping partial;1978;5034;trapping partial;Atlantic Ocean;Kg          
Bann trapping partial;1979;2089;trapping partial;Atlantic Ocean;Kg          
Bann trapping partial;1980;2486;trapping partial;Atlantic Ocean;Kg          
Bann trapping partial;1981;3023;trapping partial;Atlantic Ocean;Kg          
Bann trapping partial;1982;3854;trapping partial;Atlantic Ocean;Kg          
Bann trapping partial;1983;242;trapping partial;Atlantic Ocean;Kg          
Bann trapping partial;1984;1534;trapping partial;Atlantic Ocean;Kg          
Bann trapping partial;1985;557;trapping partial;Atlantic Ocean;Kg          
Bann trapping partial;1986;1848;trapping partial;Atlantic Ocean;Kg          
Bann trapping partial;1987;1683;trapping partial;Atlantic Ocean;Kg          
Bann trapping partial;1988;2647;trapping partial;Atlantic Ocean;Kg          
Bann trapping partial;1989;1568;trapping partial;Atlantic Ocean;Kg          
Bann trapping partial;1990;2293;trapping partial;Atlantic Ocean;Kg          
Bann trapping partial;1991;677;trapping partial;Atlantic Ocean;Kg          
Bann trapping partial;1992;978;trapping partial;Atlantic Ocean;Kg          
Bann trapping partial;1993;1525;trapping partial;Atlantic Ocean;Kg          
Bann trapping partial;1994;1249;trapping partial;Atlantic Ocean;Kg          
Bann trapping partial;1995;1403;trapping partial;Atlantic Ocean;Kg          
Bann trapping partial;1996;2668;trapping partial;Atlantic Ocean;Kg          
Bann trapping partial;1997;2533;trapping partial;Atlantic Ocean;Kg          
Bann trapping partial;1998;1283;trapping partial;Atlantic Ocean;Kg          
Bann trapping partial;1999;1345;trapping partial;Atlantic Ocean;Kg          
Bann trapping partial;2000;563;trapping partial;Atlantic Ocean;Kg          
Bann trapping partial;2001;315;trapping partial;Atlantic Ocean;Kg          
Bann trapping partial;2002;1092;trapping partial;Atlantic Ocean;Kg          
Bann trapping partial;2003;1210;trapping partial;Atlantic Ocean;Kg          
Bann trapping partial;2004;342;trapping partial;Atlantic Ocean;Kg          
Bann trapping partial;2005;852;trapping partial;Atlantic Ocean;Kg          
Bann trapping partial;2006;456;trapping partial;Atlantic Ocean;Kg          
Bann trapping partial;2007;444;trapping partial;Atlantic Ocean;Kg          
Bann trapping partial;2008;24;trapping partial;Atlantic Ocean;Kg          
Bann trapping partial;2009;158;trapping partial;Atlantic Ocean;Kg          
Bann trapping partial;2010;68;trapping partial;Atlantic Ocean;Kg          
Bann trapping partial;2011;16;trapping partial;Atlantic Ocean;Kg          
Bann trapping partial;2012;189;trapping partial;Atlantic Ocean;Kg          
Bann trapping partial;2013;344;trapping partial;Atlantic Ocean;Kg          
Bann trapping partial;2014;699;trapping partial;Atlantic Ocean;Kg          
Bann trapping partial;2015;306;trapping partial;Atlantic Ocean;Kg          
Bresle trapping all;1994;25277;trapping all;Atlantic Ocean;Number      
Bresle trapping all;1995;23068;trapping all;Atlantic Ocean;Number      
Bresle trapping all;1996;9140;trapping all;Atlantic Ocean;Number      
Bresle trapping all;1997;15849;trapping all;Atlantic Ocean;Number      
Bresle trapping all;1998;10547;trapping all;Atlantic Ocean;Number      
Bresle trapping all;1999;3558;trapping all;Atlantic Ocean;Number      
Bresle trapping all;2000;7403;trapping all;Atlantic Ocean;Number      
Bresle trapping all;2001;5980;trapping all;Atlantic Ocean;Number      
Bresle trapping all;2002;4394;trapping all;Atlantic Ocean;Number      
Bresle trapping all;2003;18932;trapping all;Atlantic Ocean;Number      
Bresle trapping all;2004;11178;trapping all;Atlantic Ocean;Number      
Bresle trapping all;2005;5976;trapping all;Atlantic Ocean;Number      
Bresle trapping all;2006;3206;trapping all;Atlantic Ocean;Number      
Bresle trapping all;2007;6132;trapping all;Atlantic Ocean;Number      
Bresle trapping all;2008;3010;trapping all;Atlantic Ocean;Number      
Bresle trapping all;2009;6911;trapping all;Atlantic Ocean;Number      
Bresle trapping all;2010;8097;trapping all;Atlantic Ocean;Number      
Bresle trapping all;2011;3536;trapping all;Atlantic Ocean;Number      
Bresle trapping all;2012;2890;trapping all;Atlantic Ocean;Number      
Bresle trapping all;2013;6063;trapping all;Atlantic Ocean;Number      
Bresle trapping all;2014;4792;trapping all;Atlantic Ocean;Number      
Bresle trapping all;2015;4206;trapping all;Atlantic Ocean;Number      
Ebro commercial catch;1966;4651;commercial catch;Mediterannean Sea;Kg          
Ebro commercial catch;1967;4937;commercial catch;Mediterannean Sea;Kg          
Ebro commercial catch;1968;8858;commercial catch;Mediterannean Sea;Kg          
Ebro commercial catch;1969;2524;commercial catch;Mediterannean Sea;Kg          
Ebro commercial catch;1970;2947;commercial catch;Mediterannean Sea;Kg          
Ebro commercial catch;1971;2022;commercial catch;Mediterannean Sea;Kg          
Ebro commercial catch;1972;1261;commercial catch;Mediterannean Sea;Kg          
Ebro commercial catch;1973;1129;commercial catch;Mediterannean Sea;Kg          
Ebro commercial catch;1974;1354;commercial catch;Mediterannean Sea;Kg          
Ebro commercial catch;1975;2466;commercial catch;Mediterannean Sea;Kg          
Ebro commercial catch;1976;5626;commercial catch;Mediterannean Sea;Kg          
Ebro commercial catch;1978;3400;commercial catch;Mediterannean Sea;Kg          
Ebro commercial catch;1979;4177;commercial catch;Mediterannean Sea;Kg          
Ebro commercial catch;1980;3514;commercial catch;Mediterannean Sea;Kg          
Ebro commercial catch;1981;3800;commercial catch;Mediterannean Sea;Kg          
Ebro commercial catch;1982;2636;commercial catch;Mediterannean Sea;Kg          
Ebro commercial catch;1983;2327;commercial catch;Mediterannean Sea;Kg          
Ebro commercial catch;1984;1815;commercial catch;Mediterannean Sea;Kg          
Ebro commercial catch;1985;1690;commercial catch;Mediterannean Sea;Kg          
Ebro commercial catch;1986;301;commercial catch;Mediterannean Sea;Kg          
Ebro commercial catch;1987;2027;commercial catch;Mediterannean Sea;Kg          
Ebro commercial catch;1990;1108;commercial catch;Mediterannean Sea;Kg          
Ebro commercial catch;1991;897;commercial catch;Mediterannean Sea;Kg          
Ebro commercial catch;1992;323;commercial catch;Mediterannean Sea;Kg          
Ebro commercial catch;1993;799;commercial catch;Mediterannean Sea;Kg          
Ebro commercial catch;1994;350;commercial catch;Mediterannean Sea;Kg          
Ebro commercial catch;1995;190;commercial catch;Mediterannean Sea;Kg          
Ebro commercial catch;1996;409;commercial catch;Mediterannean Sea;Kg          
Ebro commercial catch;1997;847;commercial catch;Mediterannean Sea;Kg          
Ebro commercial catch;1998;939;commercial catch;Mediterannean Sea;Kg          
Ebro commercial catch;1999;465;commercial catch;Mediterannean Sea;Kg          
Ebro commercial catch;2000;112;commercial catch;Mediterannean Sea;Kg          
Ebro commercial catch;2001;1383;commercial catch;Mediterannean Sea;Kg          
Ebro commercial catch;2002;922;commercial catch;Mediterannean Sea;Kg          
Ebro commercial catch;2003;1557.91;commercial catch;Mediterannean Sea;Kg          
Ebro commercial catch;2004;563.839;commercial catch;Mediterannean Sea;Kg          
Ebro commercial catch;2005;297.66;commercial catch;Mediterannean Sea;Kg          
Ebro commercial catch;2006;557;commercial catch;Mediterannean Sea;Kg          
Ebro commercial catch;2007;610.67;commercial catch;Mediterannean Sea;Kg          
Ebro commercial catch;2008;445;commercial catch;Mediterannean Sea;Kg          
Ebro commercial catch;2009;411;commercial catch;Mediterannean Sea;Kg          
Ebro commercial catch;2010;501;commercial catch;Mediterannean Sea;Kg          
Ebro commercial catch;2011;419;commercial catch;Mediterannean Sea;Kg          
Ebro commercial catch;2012;1158.4;commercial catch;Mediterannean Sea;Kg          
Ebro commercial catch;2013;1117;commercial catch;Mediterannean Sea;Kg          
Ebro commercial catch;2014;1470;commercial catch;Mediterannean Sea;Kg          
Ebro commercial catch;2015;1397;commercial catch;Mediterannean Sea;Kg          
Ems commercial catch;1946;600;commercial catch;North sea;Kg          
Ems commercial catch;1947;1438;commercial catch;North sea;Kg          
Ems commercial catch;1948;1640;commercial catch;North sea;Kg          
Ems commercial catch;1949;1182;commercial catch;North sea;Kg          
Ems commercial catch;1950;875;commercial catch;North sea;Kg          
Ems commercial catch;1951;719;commercial catch;North sea;Kg          
Ems commercial catch;1952;1516;commercial catch;North sea;Kg          
Ems commercial catch;1953;3275;commercial catch;North sea;Kg          
Ems commercial catch;1954;5369;commercial catch;North sea;Kg          
Ems commercial catch;1955;4795;commercial catch;North sea;Kg          
Ems commercial catch;1956;4194;commercial catch;North sea;Kg          
Ems commercial catch;1957;1829;commercial catch;North sea;Kg          
Ems commercial catch;1958;2263;commercial catch;North sea;Kg          
Ems commercial catch;1959;4654;commercial catch;North sea;Kg          
Ems commercial catch;1960;6215;commercial catch;North sea;Kg          
Ems commercial catch;1961;2995;commercial catch;North sea;Kg          
Ems commercial catch;1962;4430;commercial catch;North sea;Kg          
Ems commercial catch;1963;5746;commercial catch;North sea;Kg          
Ems commercial catch;1964;5054;commercial catch;North sea;Kg          
Ems commercial catch;1965;1363;commercial catch;North sea;Kg          
Ems commercial catch;1966;1840;commercial catch;North sea;Kg          
Ems commercial catch;1967;1071;commercial catch;North sea;Kg          
Ems commercial catch;1968;2760;commercial catch;North sea;Kg          
Ems commercial catch;1969;1687;commercial catch;North sea;Kg          
Ems commercial catch;1970;683;commercial catch;North sea;Kg          
Ems commercial catch;1971;1684;commercial catch;North sea;Kg          
Ems commercial catch;1972;3894;commercial catch;North sea;Kg          
Ems commercial catch;1973;289;commercial catch;North sea;Kg          
Ems commercial catch;1974;4129;commercial catch;North sea;Kg          
Ems commercial catch;1975;1031;commercial catch;North sea;Kg          
Ems commercial catch;1976;4205;commercial catch;North sea;Kg          
Ems commercial catch;1977;2172;commercial catch;North sea;Kg          
Ems commercial catch;1978;2024;commercial catch;North sea;Kg          
Ems commercial catch;1979;2774;commercial catch;North sea;Kg          
Ems commercial catch;1980;3195;commercial catch;North sea;Kg          
Ems commercial catch;1981;962;commercial catch;North sea;Kg          
Ems commercial catch;1982;674;commercial catch;North sea;Kg          
Ems commercial catch;1983;92;commercial catch;North sea;Kg          
Ems commercial catch;1984;352;commercial catch;North sea;Kg          
Ems commercial catch;1985;260;commercial catch;North sea;Kg          
Ems commercial catch;1986;89;commercial catch;North sea;Kg          
Ems commercial catch;1987;8;commercial catch;North sea;Kg          
Ems commercial catch;1988;67;commercial catch;North sea;Kg          
Ems commercial catch;1989;13;commercial catch;North sea;Kg          
Ems commercial catch;1990;99;commercial catch;North sea;Kg          
Ems commercial catch;1991;52;commercial catch;North sea;Kg          
Ems commercial catch;1992;6;commercial catch;North sea;Kg          
Ems commercial catch;1993;20;commercial catch;North sea;Kg          
Ems commercial catch;1994;52;commercial catch;North sea;Kg          
Ems commercial catch;1995;40;commercial catch;North sea;Kg          
Ems commercial catch;1996;20;commercial catch;North sea;Kg          
Ems commercial catch;1997;5;commercial catch;North sea;Kg          
Ems commercial catch;1998;4;commercial catch;North sea;Kg          
Ems commercial catch;1999;3;commercial catch;North sea;Kg          
Ems commercial catch;2000;4;commercial catch;North sea;Kg          
Ems commercial catch;2001;1;commercial catch;North sea;Kg          
Erne trapping all;1959;244;trapping all;Atlantic Ocean;Kg          
Erne trapping all;1960;1229;trapping all;Atlantic Ocean;Kg          
Erne trapping all;1961;625;trapping all;Atlantic Ocean;Kg          
Erne trapping all;1962;2469;trapping all;Atlantic Ocean;Kg          
Erne trapping all;1963;426;trapping all;Atlantic Ocean;Kg          
Erne trapping all;1964;208;trapping all;Atlantic Ocean;Kg          
Erne trapping all;1965;932;trapping all;Atlantic Ocean;Kg          
Erne trapping all;1966;1394;trapping all;Atlantic Ocean;Kg          
Erne trapping all;1967;345;trapping all;Atlantic Ocean;Kg          
Erne trapping all;1968;1512;trapping all;Atlantic Ocean;Kg          
Erne trapping all;1969;600;trapping all;Atlantic Ocean;Kg          
Erne trapping all;1970;600;trapping all;Atlantic Ocean;Kg          
Erne trapping all;1971;540;trapping all;Atlantic Ocean;Kg          
Erne trapping all;1974;794;trapping all;Atlantic Ocean;Kg          
Erne trapping all;1975;392;trapping all;Atlantic Ocean;Kg          
Erne trapping all;1976;394;trapping all;Atlantic Ocean;Kg          
Erne trapping all;1977;138;trapping all;Atlantic Ocean;Kg          
Erne trapping all;1978;320;trapping all;Atlantic Ocean;Kg          
Erne trapping all;1979;488;trapping all;Atlantic Ocean;Kg          
Erne trapping all;1980;1434;trapping all;Atlantic Ocean;Kg          
Erne trapping all;1981;2892;trapping all;Atlantic Ocean;Kg          
Erne trapping all;1982;4550;trapping all;Atlantic Ocean;Kg          
Erne trapping all;1983;728;trapping all;Atlantic Ocean;Kg          
Erne trapping all;1984;1121;trapping all;Atlantic Ocean;Kg          
Erne trapping all;1985;463;trapping all;Atlantic Ocean;Kg          
Erne trapping all;1986;898;trapping all;Atlantic Ocean;Kg          
Erne trapping all;1987;2367;trapping all;Atlantic Ocean;Kg          
Erne trapping all;1988;3033;trapping all;Atlantic Ocean;Kg          
Erne trapping all;1989;1781;trapping all;Atlantic Ocean;Kg          
Erne trapping all;1990;2409;trapping all;Atlantic Ocean;Kg          
Erne trapping all;1991;546;trapping all;Atlantic Ocean;Kg          
Erne trapping all;1992;1371;trapping all;Atlantic Ocean;Kg          
Erne trapping all;1993;1785;trapping all;Atlantic Ocean;Kg          
Erne trapping all;1994;4463;trapping all;Atlantic Ocean;Kg          
Erne trapping all;1995;2400;trapping all;Atlantic Ocean;Kg          
Erne trapping all;1996;1000;trapping all;Atlantic Ocean;Kg          
Erne trapping all;1997;1065;trapping all;Atlantic Ocean;Kg          
Erne trapping all;1998;782;trapping all;Atlantic Ocean;Kg          
Erne trapping all;1999;1500;trapping all;Atlantic Ocean;Kg          
Erne trapping all;2000;1100;trapping all;Atlantic Ocean;Kg          
Erne trapping all;2001;699;trapping all;Atlantic Ocean;Kg          
Erne trapping all;2002;113;trapping all;Atlantic Ocean;Kg          
Erne trapping all;2003;576;trapping all;Atlantic Ocean;Kg          
Erne trapping all;2004;269;trapping all;Atlantic Ocean;Kg          
Erne trapping all;2005;838;trapping all;Atlantic Ocean;Kg          
Erne trapping all;2006;118;trapping all;Atlantic Ocean;Kg          
Erne trapping all;2007;189;trapping all;Atlantic Ocean;Kg          
Erne trapping all;2008;38,7;trapping all;Atlantic Ocean;Kg          
Erne trapping all;2009;88,3;trapping all;Atlantic Ocean;Kg          
Erne trapping all;2010;96,6;trapping all;Atlantic Ocean;Kg          
Erne trapping all;2011;74,34;trapping all;Atlantic Ocean;Kg          
Erne trapping all;2012;145,71;trapping all;Atlantic Ocean;Kg          
Erne trapping all;2013;214,7;trapping all;Atlantic Ocean;Kg          
Erne trapping all;2014;659,37;trapping all;Atlantic Ocean;Kg          
Erne trapping all;2015;686,2;trapping all;Atlantic Ocean;Kg          
Fremur trapping all;1997;3454;trapping all;Atlantic Ocean;Number      
Fremur trapping all;1998;26765;trapping all;Atlantic Ocean;Number      
Fremur trapping all;1999;5995;trapping all;Atlantic Ocean;Number      
Fremur trapping all;2000;7965;trapping all;Atlantic Ocean;Number      
Fremur trapping all;2001;13578;trapping all;Atlantic Ocean;Number      
Fremur trapping all;2002;2457;trapping all;Atlantic Ocean;Number      
Fremur trapping all;2003;381;trapping all;Atlantic Ocean;Number      
Fremur trapping all;2004;12124;trapping all;Atlantic Ocean;Number      
Fremur trapping all;2005;6223;trapping all;Atlantic Ocean;Number      
Fremur trapping all;2006;9351;trapping all;Atlantic Ocean;Number      
Fremur trapping all;2007;9103;trapping all;Atlantic Ocean;Number      
Fremur trapping all;2008;15482;trapping all;Atlantic Ocean;Number      
Fremur trapping all;2009;3578;trapping all;Atlantic Ocean;Number      
Fremur trapping all;2010;10009;trapping all;Atlantic Ocean;Number      
Fremur trapping all;2011;849;trapping all;Atlantic Ocean;Number      
Fremur trapping all;2012;4166;trapping all;Atlantic Ocean;Number      
Fremur trapping all;2013;4279;trapping all;Atlantic Ocean;Number      
Fremur trapping all;2014;8683;trapping all;Atlantic Ocean;Number      
Fremur trapping all;2015;2635;trapping all;Atlantic Ocean;Number      
Gironde Estuary commercial catch;1923;46;commercial catch;Atlantic Ocean;t
Gironde Estuary commercial catch;1926;18.7;commercial catch;Atlantic Ocean;t
Gironde Estuary commercial catch;1927;34.1;commercial catch;Atlantic Ocean;t
Gironde Estuary commercial catch;1928;22.4;commercial catch;Atlantic Ocean;t
Gironde Estuary commercial catch;1929;22.5;commercial catch;Atlantic Ocean;t
Gironde Estuary commercial catch;1930;28.2;commercial catch;Atlantic Ocean;t
Gironde Estuary commercial catch;1931;26.9;commercial catch;Atlantic Ocean;t
Gironde Estuary commercial catch;1932;31.1;commercial catch;Atlantic Ocean;t
Gironde Estuary commercial catch;1933;13.5;commercial catch;Atlantic Ocean;t
Gironde Estuary commercial catch;1934;13.4;commercial catch;Atlantic Ocean;t
Gironde Estuary commercial catch;1935;19.7;commercial catch;Atlantic Ocean;t
Gironde Estuary commercial catch;1961;32.1704;commercial catch;Atlantic Ocean;t
Gironde Estuary commercial catch;1962;217.824;commercial catch;Atlantic Ocean;t
Gironde Estuary commercial catch;1963;362.985;commercial catch;Atlantic Ocean;t
Gironde Estuary commercial catch;1965;352.52;commercial catch;Atlantic Ocean;t
Gironde Estuary commercial catch;1966;27.6158;commercial catch;Atlantic Ocean;t
Gironde Estuary commercial catch;1967;162.792;commercial catch;Atlantic Ocean;t
Gironde Estuary commercial catch;1968;284.203;commercial catch;Atlantic Ocean;t
Gironde Estuary commercial catch;1969;36.6195;commercial catch;Atlantic Ocean;t
Gironde Estuary commercial catch;1970;203.752;commercial catch;Atlantic Ocean;t
Gironde Estuary commercial catch;1971;47.0663;commercial catch;Atlantic Ocean;t
Gironde Estuary commercial catch;1972;68.995;commercial catch;Atlantic Ocean;t
Gironde Estuary commercial catch;1973;20.0363;commercial catch;Atlantic Ocean;t
Gironde Estuary commercial catch;1974;54.5641;commercial catch;Atlantic Ocean;t
Gironde Estuary commercial catch;1975;44.0968;commercial catch;Atlantic Ocean;t
Gironde Estuary commercial catch;1976;120.898;commercial catch;Atlantic Ocean;t
Gironde Estuary commercial catch;1977;121.637;commercial catch;Atlantic Ocean;t
Gironde Estuary commercial catch;1978;64.6686;commercial catch;Atlantic Ocean;t
Gironde Estuary commercial catch;1979;73.1982;commercial catch;Atlantic Ocean;t
Gironde Estuary commercial catch;1980;124.686;commercial catch;Atlantic Ocean;t
Gironde Estuary commercial catch;1981;84.9089;commercial catch;Atlantic Ocean;t
Gironde Estuary commercial catch;1982;61.0145;commercial catch;Atlantic Ocean;t
Gironde Estuary commercial catch;1983;66.7093;commercial catch;Atlantic Ocean;t
Gironde Estuary commercial catch;1984;45.0203;commercial catch;Atlantic Ocean;t
Gironde Estuary commercial catch;1985;26.9787;commercial catch;Atlantic Ocean;t
Gironde Estuary commercial catch;1986;35.3074;commercial catch;Atlantic Ocean;t
Gironde Estuary commercial catch;1987;44.6434;commercial catch;Atlantic Ocean;t
Gironde Estuary commercial catch;1988;27.8963;commercial catch;Atlantic Ocean;t
Gironde Estuary commercial catch;1989;45.9376;commercial catch;Atlantic Ocean;t
Gironde Estuary commercial catch;1990;29.2677;commercial catch;Atlantic Ocean;t
Gironde Estuary commercial catch;1991;38.3696;commercial catch;Atlantic Ocean;t
Gironde Estuary commercial catch;1992;22.5085;commercial catch;Atlantic Ocean;t
Gironde Estuary commercial catch;1993;42.3998;commercial catch;Atlantic Ocean;t
Gironde Estuary commercial catch;1994;45.5441;commercial catch;Atlantic Ocean;t
Gironde Estuary commercial catch;1995;43.4986;commercial catch;Atlantic Ocean;t
Gironde Estuary commercial catch;1996;27.919;commercial catch;Atlantic Ocean;t
Gironde Estuary commercial catch;1997;49.3266;commercial catch;Atlantic Ocean;t
Gironde Estuary commercial catch;1998;18.391;commercial catch;Atlantic Ocean;t
Gironde Estuary commercial catch;1999;43.1098;commercial catch;Atlantic Ocean;t
Gironde Estuary commercial catch;2000;28.4765;commercial catch;Atlantic Ocean;t
Gironde Estuary commercial catch;2001;8.18507;commercial catch;Atlantic Ocean;t
Gironde Estuary commercial catch;2002;35.1022;commercial catch;Atlantic Ocean;t
Gironde Estuary commercial catch;2003;9.64499;commercial catch;Atlantic Ocean;t
Gironde Estuary commercial catch;2004;9.5;commercial catch;Atlantic Ocean;t
Gironde Estuary commercial catch;2005;13;commercial catch;Atlantic Ocean;t
Gironde Estuary commercial catch;2006;8.1;commercial catch;Atlantic Ocean;t
Gironde Estuary commercial catch;2007;6.2;commercial catch;Atlantic Ocean;t
Gironde Estuary commercial catch;2008;8.2;commercial catch;Atlantic Ocean;t
Ijzer Nieuwpoort scientific estimate;1964;3.7;scientific estimate;North sea;Kg          
Ijzer Nieuwpoort scientific estimate;1965;115;scientific estimate;North sea;Kg          
Ijzer Nieuwpoort scientific estimate;1966;385;scientific estimate;North sea;Kg          
Ijzer Nieuwpoort scientific estimate;1967;575;scientific estimate;North sea;Kg          
Ijzer Nieuwpoort scientific estimate;1968;553.5;scientific estimate;North sea;Kg          
Ijzer Nieuwpoort scientific estimate;1969;445;scientific estimate;North sea;Kg          
Ijzer Nieuwpoort scientific estimate;1970;795;scientific estimate;North sea;Kg          
Ijzer Nieuwpoort scientific estimate;1971;399;scientific estimate;North sea;Kg          
Ijzer Nieuwpoort scientific estimate;1972;556.5;scientific estimate;North sea;Kg          
Ijzer Nieuwpoort scientific estimate;1973;354;scientific estimate;North sea;Kg          
Ijzer Nieuwpoort scientific estimate;1974;946;scientific estimate;North sea;Kg          
Ijzer Nieuwpoort scientific estimate;1975;274;scientific estimate;North sea;Kg          
Ijzer Nieuwpoort scientific estimate;1976;496;scientific estimate;North sea;Kg          
Ijzer Nieuwpoort scientific estimate;1977;472;scientific estimate;North sea;Kg          
Ijzer Nieuwpoort scientific estimate;1978;370;scientific estimate;North sea;Kg          
Ijzer Nieuwpoort scientific estimate;1979;530;scientific estimate;North sea;Kg          
Ijzer Nieuwpoort scientific estimate;1980;252;scientific estimate;North sea;Kg          
Ijzer Nieuwpoort scientific estimate;1981;90;scientific estimate;North sea;Kg          
Ijzer Nieuwpoort scientific estimate;1982;129;scientific estimate;North sea;Kg          
Ijzer Nieuwpoort scientific estimate;1983;25;scientific estimate;North sea;Kg          
Ijzer Nieuwpoort scientific estimate;1984;6;scientific estimate;North sea;Kg          
Ijzer Nieuwpoort scientific estimate;1985;15;scientific estimate;North sea;Kg          
Ijzer Nieuwpoort scientific estimate;1986;27.5;scientific estimate;North sea;Kg          
Ijzer Nieuwpoort scientific estimate;1987;36.5;scientific estimate;North sea;Kg          
Ijzer Nieuwpoort scientific estimate;1988;48.2;scientific estimate;North sea;Kg          
Ijzer Nieuwpoort scientific estimate;1989;9.1;scientific estimate;North sea;Kg          
Ijzer Nieuwpoort scientific estimate;1990;218.2;scientific estimate;North sea;Kg          
Ijzer Nieuwpoort scientific estimate;1991;13;scientific estimate;North sea;Kg          
Ijzer Nieuwpoort scientific estimate;1992;18.9;scientific estimate;North sea;Kg          
Ijzer Nieuwpoort scientific estimate;1993;11.8;scientific estimate;North sea;Kg          
Ijzer Nieuwpoort scientific estimate;1994;17.5;scientific estimate;North sea;Kg          
Ijzer Nieuwpoort scientific estimate;1995;1.5;scientific estimate;North sea;Kg          
Ijzer Nieuwpoort scientific estimate;1996;4.5;scientific estimate;North sea;Kg          
Ijzer Nieuwpoort scientific estimate;1997;9.8;scientific estimate;North sea;Kg          
Ijzer Nieuwpoort scientific estimate;1998;2.25;scientific estimate;North sea;Kg          
Ijzer Nieuwpoort scientific estimate;2000;17.85;scientific estimate;North sea;Kg          
Ijzer Nieuwpoort scientific estimate;2001;0.7;scientific estimate;North sea;Kg          
Ijzer Nieuwpoort scientific estimate;2002;1.4;scientific estimate;North sea;Kg          
Ijzer Nieuwpoort scientific estimate;2003;0.54;scientific estimate;North sea;Kg          
Ijzer Nieuwpoort scientific estimate;2004;0.38;scientific estimate;North sea;Kg          
Ijzer Nieuwpoort scientific estimate;2005;0.79;scientific estimate;North sea;Kg          
Ijzer Nieuwpoort scientific estimate;2006;0.07;scientific estimate;North sea;Kg          
Ijzer Nieuwpoort scientific estimate;2007;2.21;scientific estimate;North sea;Kg          
Ijzer Nieuwpoort scientific estimate;2008;0.96;scientific estimate;North sea;Kg          
Ijzer Nieuwpoort scientific estimate;2009;0.969;scientific estimate;North sea;Kg          
Ijzer Nieuwpoort scientific estimate;2010;0.318;scientific estimate;North sea;Kg          
Ijzer Nieuwpoort scientific estimate;2011;0.413;scientific estimate;North sea;Kg          
Ijzer Nieuwpoort scientific estimate;2012;2.408;scientific estimate;North sea;Kg          
Ijzer Nieuwpoort scientific estimate;2013;2.578;scientific estimate;North sea;Kg          
Ijzer Nieuwpoort scientific estimate;2014;6.717;scientific estimate;North sea;Kg          
Ijzer Nieuwpoort scientific estimate;2015;2.489;scientific estimate;North sea;Kg          
Imsa Near Sandnes trapping all;1975;51250;trapping all;North sea;Number      
Imsa Near Sandnes trapping all;1976;57750;trapping all;North sea;Number      
Imsa Near Sandnes trapping all;1977;34000;trapping all;North sea;Number      
Imsa Near Sandnes trapping all;1978;15000;trapping all;North sea;Number      
Imsa Near Sandnes trapping all;1979;3000;trapping all;North sea;Number      
Imsa Near Sandnes trapping all;1980;41500;trapping all;North sea;Number      
Imsa Near Sandnes trapping all;1981;18500;trapping all;North sea;Number      
Imsa Near Sandnes trapping all;1982;54250;trapping all;North sea;Number      
Imsa Near Sandnes trapping all;1983;19250;trapping all;North sea;Number      
Imsa Near Sandnes trapping all;1984;7607;trapping all;North sea;Number      
Imsa Near Sandnes trapping all;1985;4971;trapping all;North sea;Number      
Imsa Near Sandnes trapping all;1986;6723;trapping all;North sea;Number      
Imsa Near Sandnes trapping all;1987;4348;trapping all;North sea;Number      
Imsa Near Sandnes trapping all;1988;18385;trapping all;North sea;Number      
Imsa Near Sandnes trapping all;1989;8805;trapping all;North sea;Number      
Imsa Near Sandnes trapping all;1990;33138;trapping all;North sea;Number      
Imsa Near Sandnes trapping all;1991;6588;trapping all;North sea;Number      
Imsa Near Sandnes trapping all;1992;11078;trapping all;North sea;Number      
Imsa Near Sandnes trapping all;1993;8774;trapping all;North sea;Number      
Imsa Near Sandnes trapping all;1994;2085;trapping all;North sea;Number      
Imsa Near Sandnes trapping all;1995;2208;trapping all;North sea;Number      
Imsa Near Sandnes trapping all;1996;1177;trapping all;North sea;Number      
Imsa Near Sandnes trapping all;1997;5765;trapping all;North sea;Number      
Imsa Near Sandnes trapping all;1998;1842;trapping all;North sea;Number      
Imsa Near Sandnes trapping all;1999;4338;trapping all;North sea;Number      
Imsa Near Sandnes trapping all;2000;1717;trapping all;North sea;Number      
Imsa Near Sandnes trapping all;2001;2003;trapping all;North sea;Number      
Imsa Near Sandnes trapping all;2002;1576;trapping all;North sea;Number      
Imsa Near Sandnes trapping all;2003;3774;trapping all;North sea;Number      
Imsa Near Sandnes trapping all;2004;418;trapping all;North sea;Number      
Imsa Near Sandnes trapping all;2005;494;trapping all;North sea;Number      
Imsa Near Sandnes trapping all;2006;468;trapping all;North sea;Number      
Imsa Near Sandnes trapping all;2007;15;trapping all;North sea;Number      
Imsa Near Sandnes trapping all;2008;1428;trapping all;North sea;Number      
Imsa Near Sandnes trapping all;2009;6947;trapping all;North sea;Number      
Imsa Near Sandnes trapping all;2010;1312;trapping all;North sea;Number      
Imsa Near Sandnes trapping all;2011;5;trapping all;North sea;Number      
Imsa Near Sandnes trapping all;2012;485;trapping all;North sea;Number      
Imsa Near Sandnes trapping all;2014;3611;trapping all;North sea;Number      
Imsa Near Sandnes trapping all;2015;8138;trapping all;North sea;Number      
IYFS1 scientific estimate;1975;45;scientific estimate;North sea;Index       
IYFS1 scientific estimate;1976;655;scientific estimate;North sea;Index       
IYFS1 scientific estimate;1977;405;scientific estimate;North sea;Index       
IYFS1 scientific estimate;1978;126;scientific estimate;North sea;Index       
IYFS1 scientific estimate;1979;122;scientific estimate;North sea;Index       
IYFS1 scientific estimate;1980;6;scientific estimate;North sea;Index       
IYFS1 scientific estimate;1981;134;scientific estimate;North sea;Index       
IYFS1 scientific estimate;1982;90;scientific estimate;North sea;Index       
IYFS1 scientific estimate;1983;355;scientific estimate;North sea;Index       
IYFS1 scientific estimate;1984;26;scientific estimate;North sea;Index       
IYFS1 scientific estimate;1985;54;scientific estimate;North sea;Index       
IYFS1 scientific estimate;1986;72;scientific estimate;North sea;Index       
IYFS1 scientific estimate;1987;24;scientific estimate;North sea;Index       
IYFS1 scientific estimate;1988;19;scientific estimate;North sea;Index       
IYFS1 scientific estimate;1989;34;scientific estimate;North sea;Index       
IYFS2 scientific estimate;1992;1.58571;scientific estimate;North sea;Index       
IYFS2 scientific estimate;1993;2.05394;scientific estimate;North sea;Index       
IYFS2 scientific estimate;1994;2.50299;scientific estimate;North sea;Index       
IYFS2 scientific estimate;1995;2.38976;scientific estimate;North sea;Index       
IYFS2 scientific estimate;1996;0.32877;scientific estimate;North sea;Index       
IYFS2 scientific estimate;1997;0.24048;scientific estimate;North sea;Index       
IYFS2 scientific estimate;1998;0.54054;scientific estimate;North sea;Index       
IYFS2 scientific estimate;1999;0.84416;scientific estimate;North sea;Index       
IYFS2 scientific estimate;2000;3.46783;scientific estimate;North sea;Index       
IYFS2 scientific estimate;2001;0.05629;scientific estimate;North sea;Index       
IYFS2 scientific estimate;2002;1.01803;scientific estimate;North sea;Index       
IYFS2 scientific estimate;2003;0.44071;scientific estimate;North sea;Index       
IYFS2 scientific estimate;2004;0.05159;scientific estimate;North sea;Index       
IYFS2 scientific estimate;2005;0.28005;scientific estimate;North sea;Index       
IYFS2 scientific estimate;2006;0.2603;scientific estimate;North sea;Index       
IYFS2 scientific estimate;2007;0.48128;scientific estimate;North sea;Index       
IYFS2 scientific estimate;2012;0.09266;scientific estimate;North sea;Index       
IYFS2 scientific estimate;2013;0.046;scientific estimate;North sea;Index       
IYFS2 scientific estimate;2014;0.317221;scientific estimate;North sea;Index       
IYFS2 scientific estimate;2015;0.396873;scientific estimate;North sea;Index       
Katwijk scientific estimate;1977;130.25;scientific estimate;North sea;Index       
Katwijk scientific estimate;1978;30.23;scientific estimate;North sea;Index       
Katwijk scientific estimate;1979;3.23;scientific estimate;North sea;Index       
Katwijk scientific estimate;1980;171.6;scientific estimate;North sea;Index       
Katwijk scientific estimate;1981;31.65;scientific estimate;North sea;Index       
Katwijk scientific estimate;1982;4.13;scientific estimate;North sea;Index       
Katwijk scientific estimate;1983;2.1;scientific estimate;North sea;Index       
Katwijk scientific estimate;1984;23.62;scientific estimate;North sea;Index       
Katwijk scientific estimate;1985;6.67;scientific estimate;North sea;Index       
Katwijk scientific estimate;1987;14;scientific estimate;North sea;Index       
Katwijk scientific estimate;1989;3.67;scientific estimate;North sea;Index       
Katwijk scientific estimate;1991;5.13;scientific estimate;North sea;Index       
Katwijk scientific estimate;1992;8.15;scientific estimate;North sea;Index       
Katwijk scientific estimate;1993;13.53;scientific estimate;North sea;Index       
Katwijk scientific estimate;1994;15.12;scientific estimate;North sea;Index       
Katwijk scientific estimate;1995;29.67;scientific estimate;North sea;Index       
Katwijk scientific estimate;1996;25.35;scientific estimate;North sea;Index       
Katwijk scientific estimate;1997;12.25;scientific estimate;North sea;Index       
Katwijk scientific estimate;1998;38.82;scientific estimate;North sea;Index       
Katwijk scientific estimate;1999;122.67;scientific estimate;North sea;Index       
Katwijk scientific estimate;2000;11.6;scientific estimate;North sea;Index       
Katwijk scientific estimate;2001;14.08;scientific estimate;North sea;Index       
Katwijk scientific estimate;2002;12.32;scientific estimate;North sea;Index       
Katwijk scientific estimate;2003;12.7;scientific estimate;North sea;Index       
Katwijk scientific estimate;2004;4.48;scientific estimate;North sea;Index       
Katwijk scientific estimate;2005;5.63;scientific estimate;North sea;Index       
Katwijk scientific estimate;2006;1.42;scientific estimate;North sea;Index       
Katwijk scientific estimate;2007;24.81;scientific estimate;North sea;Index       
Katwijk scientific estimate;2008;4.13;scientific estimate;North sea;Index       
Katwijk scientific estimate;2009;3.53;scientific estimate;North sea;Index       
Katwijk scientific estimate;2012;1.58;scientific estimate;North sea;Index       
Katwijk scientific estimate;2013;1.406;scientific estimate;North sea;Index       
Katwijk scientific estimate;2014;0.353;scientific estimate;North sea;Index       
Katwijk scientific estimate;2015;0.611;scientific estimate;North sea;Index       
Lauwersoog scientific estimate;1976;15.4;scientific estimate;North sea;nb/h        
Lauwersoog scientific estimate;1979;100.4;scientific estimate;North sea;nb/h        
Lauwersoog scientific estimate;1981;75.9;scientific estimate;North sea;nb/h        
Lauwersoog scientific estimate;1982;21.6;scientific estimate;North sea;nb/h        
Lauwersoog scientific estimate;1983;15.8;scientific estimate;North sea;nb/h        
Lauwersoog scientific estimate;1984;9.5;scientific estimate;North sea;nb/h        
Lauwersoog scientific estimate;1985;25.2;scientific estimate;North sea;nb/h        
Lauwersoog scientific estimate;1986;1.3;scientific estimate;North sea;nb/h        
Lauwersoog scientific estimate;1988;1;scientific estimate;North sea;nb/h        
Lauwersoog scientific estimate;1989;14.3;scientific estimate;North sea;nb/h        
Lauwersoog scientific estimate;1990;6;scientific estimate;North sea;nb/h        
Lauwersoog scientific estimate;1991;6.6;scientific estimate;North sea;nb/h        
Lauwersoog scientific estimate;1992;12.1;scientific estimate;North sea;nb/h        
Lauwersoog scientific estimate;1993;33.2;scientific estimate;North sea;nb/h        
Lauwersoog scientific estimate;1994;31;scientific estimate;North sea;nb/h        
Lauwersoog scientific estimate;1995;16.9;scientific estimate;North sea;nb/h        
Lauwersoog scientific estimate;1996;49.4;scientific estimate;North sea;nb/h        
Lauwersoog scientific estimate;1997;27.8;scientific estimate;North sea;nb/h        
Lauwersoog scientific estimate;1998;14.4;scientific estimate;North sea;nb/h        
Lauwersoog scientific estimate;1999;31.7;scientific estimate;North sea;nb/h        
Lauwersoog scientific estimate;2000;7.2;scientific estimate;North sea;nb/h        
Lauwersoog scientific estimate;2001;2.4;scientific estimate;North sea;nb/h        
Lauwersoog scientific estimate;2002;5.5;scientific estimate;North sea;nb/h        
Lauwersoog scientific estimate;2003;1.7;scientific estimate;North sea;nb/h        
Lauwersoog scientific estimate;2004;2.3;scientific estimate;North sea;nb/h        
Lauwersoog scientific estimate;2005;1.4;scientific estimate;North sea;nb/h        
Lauwersoog scientific estimate;2006;1.7;scientific estimate;North sea;nb/h        
Lauwersoog scientific estimate;2007;1;scientific estimate;North sea;nb/h        
Lauwersoog scientific estimate;2008;2.8;scientific estimate;North sea;nb/h        
Lauwersoog scientific estimate;2009;0.6;scientific estimate;North sea;nb/h        
Lauwersoog scientific estimate;2010;1.1;scientific estimate;North sea;nb/h        
Lauwersoog scientific estimate;2011;1.4;scientific estimate;North sea;nb/h        
Lauwersoog scientific estimate;2012;2.91;scientific estimate;North sea;nb/h        
Lauwersoog scientific estimate;2013;9.13;scientific estimate;North sea;nb/h        
Lauwersoog scientific estimate;2014;16.16;scientific estimate;North sea;nb/h        
Loire commercial catch;1924;65;commercial catch;Atlantic Ocean;Kg          
Loire commercial catch;1925;70;commercial catch;Atlantic Ocean;Kg          
Loire commercial catch;1926;90;commercial catch;Atlantic Ocean;Kg          
Loire commercial catch;1927;65;commercial catch;Atlantic Ocean;Kg          
Loire commercial catch;1928;102;commercial catch;Atlantic Ocean;Kg          
Loire commercial catch;1930;1;commercial catch;Atlantic Ocean;Kg          
Loire commercial catch;1934;90;commercial catch;Atlantic Ocean;Kg          
Loire commercial catch;1935;150;commercial catch;Atlantic Ocean;Kg          
Loire commercial catch;1936;30;commercial catch;Atlantic Ocean;Kg          
Loire commercial catch;1937;7;commercial catch;Atlantic Ocean;Kg          
Loire commercial catch;1938;15;commercial catch;Atlantic Ocean;Kg          
Loire commercial catch;1939;17;commercial catch;Atlantic Ocean;Kg          
Loire commercial catch;1940;27;commercial catch;Atlantic Ocean;Kg          
Loire commercial catch;1941;21;commercial catch;Atlantic Ocean;Kg          
Loire commercial catch;1944;10;commercial catch;Atlantic Ocean;Kg          
Loire commercial catch;1945;66;commercial catch;Atlantic Ocean;Kg          
Loire commercial catch;1946;43;commercial catch;Atlantic Ocean;Kg          
Loire commercial catch;1947;178;commercial catch;Atlantic Ocean;Kg          
Loire commercial catch;1948;197;commercial catch;Atlantic Ocean;Kg          
Loire commercial catch;1949;193;commercial catch;Atlantic Ocean;Kg          
Loire commercial catch;1950;86;commercial catch;Atlantic Ocean;Kg          
Loire commercial catch;1951;166;commercial catch;Atlantic Ocean;Kg          
Loire commercial catch;1952;121;commercial catch;Atlantic Ocean;Kg          
Loire commercial catch;1953;91;commercial catch;Atlantic Ocean;Kg          
Loire commercial catch;1954;86;commercial catch;Atlantic Ocean;Kg          
Loire commercial catch;1955;181;commercial catch;Atlantic Ocean;Kg          
Loire commercial catch;1956;187;commercial catch;Atlantic Ocean;Kg          
Loire commercial catch;1957;168;commercial catch;Atlantic Ocean;Kg          
Loire commercial catch;1958;230;commercial catch;Atlantic Ocean;Kg          
Loire commercial catch;1959;174;commercial catch;Atlantic Ocean;Kg          
Loire commercial catch;1960;411;commercial catch;Atlantic Ocean;Kg          
Loire commercial catch;1961;334;commercial catch;Atlantic Ocean;Kg          
Loire commercial catch;1962;185;commercial catch;Atlantic Ocean;Kg          
Loire commercial catch;1963;116;commercial catch;Atlantic Ocean;Kg          
Loire commercial catch;1964;142;commercial catch;Atlantic Ocean;Kg          
Loire commercial catch;1965;134;commercial catch;Atlantic Ocean;Kg          
Loire commercial catch;1966;253;commercial catch;Atlantic Ocean;Kg          
Loire commercial catch;1967;258;commercial catch;Atlantic Ocean;Kg          
Loire commercial catch;1968;712;commercial catch;Atlantic Ocean;Kg          
Loire commercial catch;1969;225;commercial catch;Atlantic Ocean;Kg          
Loire commercial catch;1970;453;commercial catch;Atlantic Ocean;Kg          
Loire commercial catch;1971;330;commercial catch;Atlantic Ocean;Kg          
Loire commercial catch;1972;311;commercial catch;Atlantic Ocean;Kg          
Loire commercial catch;1973;292;commercial catch;Atlantic Ocean;Kg          
Loire commercial catch;1974;557;commercial catch;Atlantic Ocean;Kg          
Loire commercial catch;1975;497;commercial catch;Atlantic Ocean;Kg          
Loire commercial catch;1976;770;commercial catch;Atlantic Ocean;Kg          
Loire commercial catch;1977;677;commercial catch;Atlantic Ocean;Kg          
Loire commercial catch;1978;526;commercial catch;Atlantic Ocean;Kg          
Loire commercial catch;1979;642;commercial catch;Atlantic Ocean;Kg          
Loire commercial catch;1980;526;commercial catch;Atlantic Ocean;Kg          
Loire commercial catch;1981;303;commercial catch;Atlantic Ocean;Kg          
Loire commercial catch;1982;274;commercial catch;Atlantic Ocean;Kg          
Loire commercial catch;1983;260;commercial catch;Atlantic Ocean;Kg          
Loire commercial catch;1984;183;commercial catch;Atlantic Ocean;Kg          
Loire commercial catch;1985;154;commercial catch;Atlantic Ocean;Kg          
Loire commercial catch;1986;123;commercial catch;Atlantic Ocean;Kg          
Loire commercial catch;1987;145;commercial catch;Atlantic Ocean;Kg          
Loire commercial catch;1988;177;commercial catch;Atlantic Ocean;Kg          
Loire commercial catch;1989;87;commercial catch;Atlantic Ocean;Kg          
Loire commercial catch;1990;96;commercial catch;Atlantic Ocean;Kg          
Loire commercial catch;1991;36;commercial catch;Atlantic Ocean;Kg          
Loire commercial catch;1992;39;commercial catch;Atlantic Ocean;Kg          
Loire commercial catch;1993;91;commercial catch;Atlantic Ocean;Kg          
Loire commercial catch;1994;103;commercial catch;Atlantic Ocean;Kg          
Loire commercial catch;1995;133;commercial catch;Atlantic Ocean;Kg          
Loire commercial catch;1996;81;commercial catch;Atlantic Ocean;Kg          
Loire commercial catch;1997;71;commercial catch;Atlantic Ocean;Kg          
Loire commercial catch;1998;66;commercial catch;Atlantic Ocean;Kg          
Loire commercial catch;1999;87;commercial catch;Atlantic Ocean;Kg          
Loire commercial catch;2000;80;commercial catch;Atlantic Ocean;Kg          
Loire commercial catch;2001;33;commercial catch;Atlantic Ocean;Kg          
Loire commercial catch;2002;42;commercial catch;Atlantic Ocean;Kg          
Loire commercial catch;2003;53;commercial catch;Atlantic Ocean;Kg          
Loire commercial catch;2004;27;commercial catch;Atlantic Ocean;Kg          
Loire commercial catch;2005;17;commercial catch;Atlantic Ocean;Kg          
Loire commercial catch;2006;15;commercial catch;Atlantic Ocean;Kg          
Loire commercial catch;2007;21;commercial catch;Atlantic Ocean;Kg          
Loire commercial catch;2008;22;commercial catch;Atlantic Ocean;Kg          
Minho commercial catch;1975;1650;commercial catch;Atlantic Ocean;Kg          
Minho commercial catch;1976;10600;commercial catch;Atlantic Ocean;Kg          
Minho commercial catch;1977;20000;commercial catch;Atlantic Ocean;Kg          
Minho commercial catch;1978;36600;commercial catch;Atlantic Ocean;Kg          
Minho commercial catch;1979;24300;commercial catch;Atlantic Ocean;Kg          
Minho commercial catch;1980;28400;commercial catch;Atlantic Ocean;Kg          
Minho commercial catch;1981;16000;commercial catch;Atlantic Ocean;Kg          
Minho commercial catch;1982;50000;commercial catch;Atlantic Ocean;Kg          
Minho commercial catch;1983;16400;commercial catch;Atlantic Ocean;Kg          
Minho commercial catch;1984;30000;commercial catch;Atlantic Ocean;Kg          
Minho commercial catch;1985;30100;commercial catch;Atlantic Ocean;Kg          
Minho commercial catch;1986;13000;commercial catch;Atlantic Ocean;Kg          
Minho commercial catch;1987;16039;commercial catch;Atlantic Ocean;Kg          
Minho commercial catch;1988;8200;commercial catch;Atlantic Ocean;Kg          
Minho commercial catch;1989;10359;commercial catch;Atlantic Ocean;Kg          
Minho commercial catch;1990;8462;commercial catch;Atlantic Ocean;Kg          
Minho commercial catch;1991;8243;commercial catch;Atlantic Ocean;Kg          
Minho commercial catch;1992;7335;commercial catch;Atlantic Ocean;Kg          
Minho commercial catch;1993;8493;commercial catch;Atlantic Ocean;Kg          
Minho commercial catch;1994;4968;commercial catch;Atlantic Ocean;Kg          
Minho commercial catch;1995;10001;commercial catch;Atlantic Ocean;Kg          
Minho commercial catch;1996;15223;commercial catch;Atlantic Ocean;Kg          
Minho commercial catch;1997;8683;commercial catch;Atlantic Ocean;Kg          
Minho commercial catch;1998;7378;commercial catch;Atlantic Ocean;Kg          
Minho commercial catch;1999;7412;commercial catch;Atlantic Ocean;Kg          
Minho commercial catch;2000;6812;commercial catch;Atlantic Ocean;Kg          
Minho commercial catch;2001;2719;commercial catch;Atlantic Ocean;Kg          
Minho commercial catch;2002;2527;commercial catch;Atlantic Ocean;Kg          
Minho commercial catch;2003;3198;commercial catch;Atlantic Ocean;Kg          
Minho commercial catch;2004;2376;commercial catch;Atlantic Ocean;Kg          
Minho commercial catch;2005;2505;commercial catch;Atlantic Ocean;Kg          
Minho commercial catch;2006;3056;commercial catch;Atlantic Ocean;Kg          
Minho commercial catch;2007;2045;commercial catch;Atlantic Ocean;Kg          
Minho commercial catch;2008;2083;commercial catch;Atlantic Ocean;Kg          
Minho commercial catch;2009;2528;commercial catch;Atlantic Ocean;Kg          
Minho commercial catch;2010;2576;commercial catch;Atlantic Ocean;Kg          
Minho commercial catch;2011;947;commercial catch;Atlantic Ocean;Kg          
Minho commercial catch;2012;807;commercial catch;Atlantic Ocean;Kg          
Minho commercial catch;2013;1081;commercial catch;Atlantic Ocean;Kg          
Minho commercial catch;2014;1176;commercial catch;Atlantic Ocean;Kg          
Minho commercial catch;2015;1284;commercial catch;Atlantic Ocean;Kg          
Nalon commercial catch;1953;14529;commercial catch;Atlantic Ocean;Kg          
Nalon commercial catch;1954;8318;commercial catch;Atlantic Ocean;Kg          
Nalon commercial catch;1955;13576;commercial catch;Atlantic Ocean;Kg          
Nalon commercial catch;1956;16649;commercial catch;Atlantic Ocean;Kg          
Nalon commercial catch;1957;14351;commercial catch;Atlantic Ocean;Kg          
Nalon commercial catch;1958;12911;commercial catch;Atlantic Ocean;Kg          
Nalon commercial catch;1959;13071;commercial catch;Atlantic Ocean;Kg          
Nalon commercial catch;1960;17975;commercial catch;Atlantic Ocean;Kg          
Nalon commercial catch;1961;13060;commercial catch;Atlantic Ocean;Kg          
Nalon commercial catch;1962;17177;commercial catch;Atlantic Ocean;Kg          
Nalon commercial catch;1963;11507;commercial catch;Atlantic Ocean;Kg          
Nalon commercial catch;1964;16139;commercial catch;Atlantic Ocean;Kg          
Nalon commercial catch;1965;20364;commercial catch;Atlantic Ocean;Kg          
Nalon commercial catch;1966;11974;commercial catch;Atlantic Ocean;Kg          
Nalon commercial catch;1967;12977;commercial catch;Atlantic Ocean;Kg          
Nalon commercial catch;1968;20556;commercial catch;Atlantic Ocean;Kg          
Nalon commercial catch;1969;15628;commercial catch;Atlantic Ocean;Kg          
Nalon commercial catch;1970;18753;commercial catch;Atlantic Ocean;Kg          
Nalon commercial catch;1971;17032;commercial catch;Atlantic Ocean;Kg          
Nalon commercial catch;1972;11219;commercial catch;Atlantic Ocean;Kg          
Nalon commercial catch;1973;11056;commercial catch;Atlantic Ocean;Kg          
Nalon commercial catch;1974;24481;commercial catch;Atlantic Ocean;Kg          
Nalon commercial catch;1975;32611;commercial catch;Atlantic Ocean;Kg          
Nalon commercial catch;1976;55514;commercial catch;Atlantic Ocean;Kg          
Nalon commercial catch;1977;37661;commercial catch;Atlantic Ocean;Kg          
Nalon commercial catch;1978;59918;commercial catch;Atlantic Ocean;Kg          
Nalon commercial catch;1979;37468;commercial catch;Atlantic Ocean;Kg          
Nalon commercial catch;1980;42110;commercial catch;Atlantic Ocean;Kg          
Nalon commercial catch;1981;34645;commercial catch;Atlantic Ocean;Kg          
Nalon commercial catch;1982;26295;commercial catch;Atlantic Ocean;Kg          
Nalon commercial catch;1983;21837;commercial catch;Atlantic Ocean;Kg          
Nalon commercial catch;1984;22541;commercial catch;Atlantic Ocean;Kg          
Nalon commercial catch;1985;12839;commercial catch;Atlantic Ocean;Kg          
Nalon commercial catch;1986;13544;commercial catch;Atlantic Ocean;Kg          
Nalon commercial catch;1987;23536;commercial catch;Atlantic Ocean;Kg          
Nalon commercial catch;1988;15211;commercial catch;Atlantic Ocean;Kg          
Nalon commercial catch;1989;13574;commercial catch;Atlantic Ocean;Kg          
Nalon commercial catch;1990;9216;commercial catch;Atlantic Ocean;Kg          
Nalon commercial catch;1991;7117;commercial catch;Atlantic Ocean;Kg          
Nalon commercial catch;1992;10259;commercial catch;Atlantic Ocean;Kg          
Nalon commercial catch;1993;9673;commercial catch;Atlantic Ocean;Kg          
Nalon commercial catch;1994;9900;commercial catch;Atlantic Ocean;Kg          
Nalon commercial catch;1995;12500;commercial catch;Atlantic Ocean;Kg          
Nalon commercial catch;1996;5900;commercial catch;Atlantic Ocean;Kg          
Nalon commercial catch;1997;3656;commercial catch;Atlantic Ocean;Kg          
Nalon commercial catch;1998;3273;commercial catch;Atlantic Ocean;Kg          
Nalon commercial catch;1999;3815;commercial catch;Atlantic Ocean;Kg          
Nalon commercial catch;2000;1330;commercial catch;Atlantic Ocean;Kg          
Nalon commercial catch;2001;1285;commercial catch;Atlantic Ocean;Kg          
Nalon commercial catch;2002;1569;commercial catch;Atlantic Ocean;Kg          
Nalon commercial catch;2003;1231;commercial catch;Atlantic Ocean;Kg          
Nalon commercial catch;2004;506;commercial catch;Atlantic Ocean;Kg          
Nalon commercial catch;2005;914;commercial catch;Atlantic Ocean;Kg          
Nalon commercial catch;2006;836;commercial catch;Atlantic Ocean;Kg          
Nalon commercial catch;2007;615;commercial catch;Atlantic Ocean;Kg          
Nalon commercial catch;2008;871;commercial catch;Atlantic Ocean;Kg          
Nalon commercial catch;2009;272;commercial catch;Atlantic Ocean;Kg          
Nalon commercial catch;2010;1089;commercial catch;Atlantic Ocean;Kg          
Nalon commercial catch;2011;1231;commercial catch;Atlantic Ocean;Kg          
Nalon commercial catch;2012;611.71;commercial catch;Atlantic Ocean;Kg          
Nalon commercial catch;2013;1327.04;commercial catch;Atlantic Ocean;Kg          
Nalon commercial catch;2014;2086;commercial catch;Atlantic Ocean;Kg          
Nalon commercial catch;2015;1778;commercial catch;Atlantic Ocean;Kg          
Rhine DenOever scientific estimate;1938;15.3;scientific estimate;North sea;Index       
Rhine DenOever scientific estimate;1939;71.5;scientific estimate;North sea;Index       
Rhine DenOever scientific estimate;1940;22.4;scientific estimate;North sea;Index       
Rhine DenOever scientific estimate;1941;14.3;scientific estimate;North sea;Index       
Rhine DenOever scientific estimate;1942;17.5;scientific estimate;North sea;Index       
Rhine DenOever scientific estimate;1943;13.7;scientific estimate;North sea;Index       
Rhine DenOever scientific estimate;1944;46.1;scientific estimate;North sea;Index       
Rhine DenOever scientific estimate;1946;7.5;scientific estimate;North sea;Index       
Rhine DenOever scientific estimate;1947;7.2;scientific estimate;North sea;Index       
Rhine DenOever scientific estimate;1948;4.8;scientific estimate;North sea;Index       
Rhine DenOever scientific estimate;1949;6.6;scientific estimate;North sea;Index       
Rhine DenOever scientific estimate;1950;2.7;scientific estimate;North sea;Index       
Rhine DenOever scientific estimate;1951;21.9;scientific estimate;North sea;Index       
Rhine DenOever scientific estimate;1952;125.6;scientific estimate;North sea;Index       
Rhine DenOever scientific estimate;1953;21.1;scientific estimate;North sea;Index       
Rhine DenOever scientific estimate;1954;38.8;scientific estimate;North sea;Index       
Rhine DenOever scientific estimate;1955;64.1;scientific estimate;North sea;Index       
Rhine DenOever scientific estimate;1956;16.1;scientific estimate;North sea;Index       
Rhine DenOever scientific estimate;1957;31.3;scientific estimate;North sea;Index       
Rhine DenOever scientific estimate;1958;124;scientific estimate;North sea;Index       
Rhine DenOever scientific estimate;1959;67.6;scientific estimate;North sea;Index       
Rhine DenOever scientific estimate;1960;58.9;scientific estimate;North sea;Index       
Rhine DenOever scientific estimate;1961;65.2;scientific estimate;North sea;Index       
Rhine DenOever scientific estimate;1962;108.9;scientific estimate;North sea;Index       
Rhine DenOever scientific estimate;1963;123.7;scientific estimate;North sea;Index       
Rhine DenOever scientific estimate;1964;58.1;scientific estimate;North sea;Index       
Rhine DenOever scientific estimate;1965;128.3;scientific estimate;North sea;Index       
Rhine DenOever scientific estimate;1966;34;scientific estimate;North sea;Index       
Rhine DenOever scientific estimate;1967;45.8;scientific estimate;North sea;Index       
Rhine DenOever scientific estimate;1968;32.9;scientific estimate;North sea;Index       
Rhine DenOever scientific estimate;1969;27.1;scientific estimate;North sea;Index       
Rhine DenOever scientific estimate;1970;48.1;scientific estimate;North sea;Index       
Rhine DenOever scientific estimate;1971;36.1;scientific estimate;North sea;Index       
Rhine DenOever scientific estimate;1972;55;scientific estimate;North sea;Index       
Rhine DenOever scientific estimate;1973;18.8;scientific estimate;North sea;Index       
Rhine DenOever scientific estimate;1974;63;scientific estimate;North sea;Index       
Rhine DenOever scientific estimate;1975;84.3;scientific estimate;North sea;Index       
Rhine DenOever scientific estimate;1976;51.4;scientific estimate;North sea;Index       
Rhine DenOever scientific estimate;1977;75;scientific estimate;North sea;Index       
Rhine DenOever scientific estimate;1978;73.6;scientific estimate;North sea;Index       
Rhine DenOever scientific estimate;1979;87.7;scientific estimate;North sea;Index       
Rhine DenOever scientific estimate;1980;59;scientific estimate;North sea;Index       
Rhine DenOever scientific estimate;1981;50.4;scientific estimate;North sea;Index       
Rhine DenOever scientific estimate;1982;29.4;scientific estimate;North sea;Index       
Rhine DenOever scientific estimate;1983;14.7;scientific estimate;North sea;Index       
Rhine DenOever scientific estimate;1984;31.6;scientific estimate;North sea;Index       
Rhine DenOever scientific estimate;1985;11.2;scientific estimate;North sea;Index       
Rhine DenOever scientific estimate;1986;11.4;scientific estimate;North sea;Index       
Rhine DenOever scientific estimate;1987;6.2;scientific estimate;North sea;Index       
Rhine DenOever scientific estimate;1988;7;scientific estimate;North sea;Index       
Rhine DenOever scientific estimate;1989;4.8;scientific estimate;North sea;Index       
Rhine DenOever scientific estimate;1990;4.9;scientific estimate;North sea;Index       
Rhine DenOever scientific estimate;1991;1.8;scientific estimate;North sea;Index       
Rhine DenOever scientific estimate;1992;5.2;scientific estimate;North sea;Index       
Rhine DenOever scientific estimate;1993;3.5;scientific estimate;North sea;Index       
Rhine DenOever scientific estimate;1994;5.4;scientific estimate;North sea;Index       
Rhine DenOever scientific estimate;1995;11.1;scientific estimate;North sea;Index       
Rhine DenOever scientific estimate;1996;12.5;scientific estimate;North sea;Index       
Rhine DenOever scientific estimate;1997;12.6;scientific estimate;North sea;Index       
Rhine DenOever scientific estimate;1998;2.46;scientific estimate;North sea;Index       
Rhine DenOever scientific estimate;1999;3.7;scientific estimate;North sea;Index       
Rhine DenOever scientific estimate;2000;2.8;scientific estimate;North sea;Index       
Rhine DenOever scientific estimate;2001;0.6;scientific estimate;North sea;Index       
Rhine DenOever scientific estimate;2002;1.2;scientific estimate;North sea;Index       
Rhine DenOever scientific estimate;2003;1.3;scientific estimate;North sea;Index       
Rhine DenOever scientific estimate;2004;2.1;scientific estimate;North sea;Index       
Rhine DenOever scientific estimate;2005;1.6;scientific estimate;North sea;Index       
Rhine DenOever scientific estimate;2006;0.6;scientific estimate;North sea;Index       
Rhine DenOever scientific estimate;2007;1.2;scientific estimate;North sea;Index       
Rhine DenOever scientific estimate;2008;0.5;scientific estimate;North sea;Index       
Rhine DenOever scientific estimate;2009;0.9;scientific estimate;North sea;Index       
Rhine DenOever scientific estimate;2010;2.2;scientific estimate;North sea;Index       
Rhine DenOever scientific estimate;2011;1.1;scientific estimate;North sea;Index       
Rhine DenOever scientific estimate;2012;1.007;scientific estimate;North sea;Index       
Rhine DenOever scientific estimate;2013;4.909;scientific estimate;North sea;Index       
Rhine DenOever scientific estimate;2014;4.578;scientific estimate;North sea;Index       
Rhine DenOever scientific estimate;2015;0.238;scientific estimate;North sea;Index       
Ringhals scientific survey;1981;983.306;scientific estimate;North sea;Index       
Ringhals scientific survey;1982;697.18;scientific estimate;North sea;Index       
Ringhals scientific survey;1983;601.94;scientific estimate;North sea;Index       
Ringhals scientific survey;1984;182.96;scientific estimate;North sea;Index       
Ringhals scientific survey;1985;291.46;scientific estimate;North sea;Index       
Ringhals scientific survey;1986;100.55;scientific estimate;North sea;Index       
Ringhals scientific survey;1987;75.14;scientific estimate;North sea;Index       
Ringhals scientific survey;1988;158.91;scientific estimate;North sea;Index       
Ringhals scientific survey;1989;173.38;scientific estimate;North sea;Index       
Ringhals scientific survey;1990;208.33;scientific estimate;North sea;Index       
Ringhals scientific survey;1991;130.2;scientific estimate;North sea;Index       
Ringhals scientific survey;1992;295.75;scientific estimate;North sea;Index       
Ringhals scientific survey;1993;415.06;scientific estimate;North sea;Index       
Ringhals scientific survey;1994;599.81;scientific estimate;North sea;Index       
Ringhals scientific survey;1995;258.07;scientific estimate;North sea;Index       
Ringhals scientific survey;1996;41.28;scientific estimate;North sea;Index       
Ringhals scientific survey;1997;130.52;scientific estimate;North sea;Index       
Ringhals scientific survey;1998;249.58;scientific estimate;North sea;Index       
Ringhals scientific survey;1999;138.72;scientific estimate;North sea;Index       
Ringhals scientific survey;2000;402.33;scientific estimate;North sea;Index       
Ringhals scientific survey;2001;31.89;scientific estimate;North sea;Index       
Ringhals scientific survey;2002;170.95;scientific estimate;North sea;Index       
Ringhals scientific survey;2003;93.83;scientific estimate;North sea;Index       
Ringhals scientific survey;2004;29.3;scientific estimate;North sea;Index       
Ringhals scientific survey;2005;109.86;scientific estimate;North sea;Index       
Ringhals scientific survey;2006;41.95;scientific estimate;North sea;Index       
Ringhals scientific survey;2007;102.4;scientific estimate;North sea;Index       
Ringhals scientific survey;2008;30.85;scientific estimate;North sea;Index       
Ringhals scientific survey;2009;15.49;scientific estimate;North sea;Index       
Ringhals scientific survey;2010;21.8;scientific estimate;North sea;Index       
Ringhals scientific survey;2011;46.53;scientific estimate;North sea;Index       
Ringhals scientific survey;2012;68.32;scientific estimate;North sea;Index       
Ringhals scientific survey;2013;42.45;scientific estimate;North sea;Index       
Ringhals scientific survey;2014;68.5;scientific estimate;North sea;Index       
Ringhals scientific survey;2015;76.45;scientific estimate;North sea;Index       
River Feale;1985;503;trapping all;Atlantic Ocean;Kg          
River Feale;1994;70;trapping all;Atlantic Ocean;Kg          
River Feale;1997;407;trapping all;Atlantic Ocean;Kg          
River Feale;1998;81;trapping all;Atlantic Ocean;Kg          
River Feale;1999;135;trapping all;Atlantic Ocean;Kg          
River Feale;2000;174;trapping all;Atlantic Ocean;Kg          
River Feale;2001;58;trapping all;Atlantic Ocean;Kg          
River Feale;2002;116;trapping all;Atlantic Ocean;Kg          
River Feale;2003;36;trapping all;Atlantic Ocean;Kg          
River Feale;2006;1;trapping all;Atlantic Ocean;Kg          
River Feale;2009;42;trapping all;Atlantic Ocean;Kg          
River Feale;2010;20.1;trapping all;Atlantic Ocean;Kg          
River Feale;2011;4.8;trapping all;Atlantic Ocean;Kg          
River Feale;2012;55.1;trapping all;Atlantic Ocean;Kg          
River Feale;2013;67.97;trapping all;Atlantic Ocean;Kg          
River Feale;2014;4.567;trapping all;Atlantic Ocean;Kg          
River Feale;2015;2.49;trapping all;Atlantic Ocean;Kg          
River Inagh;1996;140;trapping all;Atlantic Ocean;Kg          
River Inagh;1997;188;trapping all;Atlantic Ocean;Kg          
River Inagh;1998;11;trapping all;Atlantic Ocean;Kg          
River Inagh;2000;120;trapping all;Atlantic Ocean;Kg          
River Inagh;2001;18;trapping all;Atlantic Ocean;Kg          
River Inagh;2003;111;trapping all;Atlantic Ocean;Kg          
River Inagh;2004;24;trapping all;Atlantic Ocean;Kg          
River Inagh;2006;4;trapping all;Atlantic Ocean;Kg          
River Inagh;2007;38.5;trapping all;Atlantic Ocean;Kg          
River Inagh;2008;82.5;trapping all;Atlantic Ocean;Kg          
River Inagh;2010;1.3;trapping all;Atlantic Ocean;Kg          
River Inagh;2011;8.1;trapping all;Atlantic Ocean;Kg          
River Inagh;2012;;trapping all;Atlantic Ocean;Kg          
River Inagh;2013;43.65;trapping all;Atlantic Ocean;Kg          
River Inagh;2014;39.584;trapping all;Atlantic Ocean;Kg          
River Inagh;2015;24.91;trapping all;Atlantic Ocean;Kg          
River Maigue;1994;14;trapping all;Atlantic Ocean;Kg          
River Maigue;1995;194;trapping all;Atlantic Ocean;Kg          
River Maigue;1996;34;trapping all;Atlantic Ocean;Kg          
River Maigue;1997;467;trapping all;Atlantic Ocean;Kg          
River Maigue;1998;8;trapping all;Atlantic Ocean;Kg          
River Maigue;2001;2;trapping all;Atlantic Ocean;Kg          
River Maigue;2002;5;trapping all;Atlantic Ocean;Kg          
River Maigue;2003;72;trapping all;Atlantic Ocean;Kg          
River Maigue;2005;1;trapping all;Atlantic Ocean;Kg          
River Maigue;2010;2.8;trapping all;Atlantic Ocean;Kg          
River Maigue;2011;5.3;trapping all;Atlantic Ocean;Kg          
River Maigue;2013;14.05;trapping all;Atlantic Ocean;Kg          
River Maigue;2014;29.02;trapping all;Atlantic Ocean;Kg          
River Maigue;2015;15.214;trapping all;Atlantic Ocean;Kg          
Severn commercial catch;1972;16.7;commercial catch;Atlantic Ocean;t
Severn commercial catch;1973;28.2;commercial catch;Atlantic Ocean;t
Severn commercial catch;1974;57.5;commercial catch;Atlantic Ocean;t
Severn commercial catch;1975;10.5;commercial catch;Atlantic Ocean;t
Severn commercial catch;1976;13.1;commercial catch;Atlantic Ocean;t
Severn commercial catch;1977;38.6;commercial catch;Atlantic Ocean;t
Severn commercial catch;1978;61.2;commercial catch;Atlantic Ocean;t
Severn commercial catch;1979;67;commercial catch;Atlantic Ocean;t
Severn commercial catch;1980;40.1;commercial catch;Atlantic Ocean;t
Severn commercial catch;1981;36.9;commercial catch;Atlantic Ocean;t
Severn commercial catch;1982;48;commercial catch;Atlantic Ocean;t
Severn commercial catch;1983;16.9;commercial catch;Atlantic Ocean;t
Severn commercial catch;1984;25;commercial catch;Atlantic Ocean;t
Severn commercial catch;1985;20;commercial catch;Atlantic Ocean;t
Severn commercial catch;1986;19;commercial catch;Atlantic Ocean;t
Severn commercial catch;1987;21.3;commercial catch;Atlantic Ocean;t
Severn commercial catch;1988;21.4;commercial catch;Atlantic Ocean;t
Severn commercial catch;1989;20.6;commercial catch;Atlantic Ocean;t
Severn commercial catch;1990;20.9;commercial catch;Atlantic Ocean;t
Severn commercial catch;1991;1.1;commercial catch;Atlantic Ocean;t
Severn commercial catch;1992;5;commercial catch;Atlantic Ocean;t
Severn commercial catch;1993;5.73;commercial catch;Atlantic Ocean;t
Severn commercial catch;1994;9.5;commercial catch;Atlantic Ocean;t
Severn commercial catch;1995;11.9;commercial catch;Atlantic Ocean;t
Severn commercial catch;1996;18.8;commercial catch;Atlantic Ocean;t
Severn commercial catch;1997;8.7;commercial catch;Atlantic Ocean;t
Severn commercial catch;1998;11.2;commercial catch;Atlantic Ocean;t
Severn commercial catch;1999;;commercial catch;Atlantic Ocean;t
Severn commercial catch;2000;;commercial catch;Atlantic Ocean;t
Severn commercial catch;2001;0.81;commercial catch;Atlantic Ocean;t
Severn commercial catch;2002;0.52;commercial catch;Atlantic Ocean;t
Severn commercial catch;2003;1.72;commercial catch;Atlantic Ocean;t
Severn commercial catch;2004;0.97;commercial catch;Atlantic Ocean;t
Severn commercial catch;2005;1.7;commercial catch;Atlantic Ocean;t
Severn commercial catch;2006;1.27;commercial catch;Atlantic Ocean;t
Severn commercial catch;2007;2.07;commercial catch;Atlantic Ocean;t
Severn commercial catch;2008;0.817;commercial catch;Atlantic Ocean;t
Severn commercial catch;2009;0.29;commercial catch;Atlantic Ocean;t
Severn commercial catch;2010;1.24;commercial catch;Atlantic Ocean;t
Severn commercial catch;2011;2.24;commercial catch;Atlantic Ocean;t
Severn commercial catch;2012;2.77;commercial catch;Atlantic Ocean;t
Severn commercial catch;2013;5.908;commercial catch;Atlantic Ocean;t
Severn commercial catch;2014;10.908;commercial catch;Atlantic Ocean;t
Severn commercial catch;2015;2.697;commercial catch;Atlantic Ocean;t
Sevre Niortaise Estuary commercial CPUE;1962;30;commercial CPUE;Atlantic Ocean;cpue        
Sevre Niortaise Estuary commercial CPUE;1963;72;commercial CPUE;Atlantic Ocean;cpue        
Sevre Niortaise Estuary commercial CPUE;1965;17;commercial CPUE;Atlantic Ocean;cpue        
Sevre Niortaise Estuary commercial CPUE;1966;13;commercial CPUE;Atlantic Ocean;cpue        
Sevre Niortaise Estuary commercial CPUE;1967;8;commercial CPUE;Atlantic Ocean;cpue        
Sevre Niortaise Estuary commercial CPUE;1968;15;commercial CPUE;Atlantic Ocean;cpue        
Sevre Niortaise Estuary commercial CPUE;1969;14;commercial CPUE;Atlantic Ocean;cpue        
Sevre Niortaise Estuary commercial CPUE;1970;15;commercial CPUE;Atlantic Ocean;cpue        
Sevre Niortaise Estuary commercial CPUE;1971;12;commercial CPUE;Atlantic Ocean;cpue        
Sevre Niortaise Estuary commercial CPUE;1972;11;commercial CPUE;Atlantic Ocean;cpue        
Sevre Niortaise Estuary commercial CPUE;1973;8.5;commercial CPUE;Atlantic Ocean;cpue        
Sevre Niortaise Estuary commercial CPUE;1974;9;commercial CPUE;Atlantic Ocean;cpue        
Sevre Niortaise Estuary commercial CPUE;1975;8.5;commercial CPUE;Atlantic Ocean;cpue        
Sevre Niortaise Estuary commercial CPUE;1976;17;commercial CPUE;Atlantic Ocean;cpue        
Sevre Niortaise Estuary commercial CPUE;1977;15;commercial CPUE;Atlantic Ocean;cpue        
Sevre Niortaise Estuary commercial CPUE;1978;18;commercial CPUE;Atlantic Ocean;cpue        
Sevre Niortaise Estuary commercial CPUE;1979;17.5;commercial CPUE;Atlantic Ocean;cpue        
Sevre Niortaise Estuary commercial CPUE;1980;12;commercial CPUE;Atlantic Ocean;cpue        
Sevre Niortaise Estuary commercial CPUE;1981;9;commercial CPUE;Atlantic Ocean;cpue        
Sevre Niortaise Estuary commercial CPUE;1982;8.5;commercial CPUE;Atlantic Ocean;cpue        
Sevre Niortaise Estuary commercial CPUE;1983;6;commercial CPUE;Atlantic Ocean;cpue        
Sevre Niortaise Estuary commercial CPUE;2008;1.93;commercial CPUE;Atlantic Ocean;cpue        
Shannon trapping all;1977;1000;trapping all;Atlantic Ocean;Kg          
Shannon trapping all;1978;1300;trapping all;Atlantic Ocean;Kg          
Shannon trapping all;1979;6700;trapping all;Atlantic Ocean;Kg          
Shannon trapping all;1980;4500;trapping all;Atlantic Ocean;Kg          
Shannon trapping all;1981;2100;trapping all;Atlantic Ocean;Kg          
Shannon trapping all;1982;3100;trapping all;Atlantic Ocean;Kg          
Shannon trapping all;1983;600;trapping all;Atlantic Ocean;Kg          
Shannon trapping all;1984;500;trapping all;Atlantic Ocean;Kg          
Shannon trapping all;1985;1093;trapping all;Atlantic Ocean;Kg          
Shannon trapping all;1986;948;trapping all;Atlantic Ocean;Kg          
Shannon trapping all;1987;1610;trapping all;Atlantic Ocean;Kg          
Shannon trapping all;1988;145;trapping all;Atlantic Ocean;Kg          
Shannon trapping all;1989;27;trapping all;Atlantic Ocean;Kg          
Shannon trapping all;1990;467;trapping all;Atlantic Ocean;Kg          
Shannon trapping all;1991;90;trapping all;Atlantic Ocean;Kg          
Shannon trapping all;1992;32;trapping all;Atlantic Ocean;Kg          
Shannon trapping all;1993;24;trapping all;Atlantic Ocean;Kg          
Shannon trapping all;1994;287;trapping all;Atlantic Ocean;Kg          
Shannon trapping all;1995;398;trapping all;Atlantic Ocean;Kg          
Shannon trapping all;1996;332;trapping all;Atlantic Ocean;Kg          
Shannon trapping all;1997;2120;trapping all;Atlantic Ocean;Kg          
Shannon trapping all;1998;275;trapping all;Atlantic Ocean;Kg          
Shannon trapping all;1999;18;trapping all;Atlantic Ocean;Kg          
Shannon trapping all;2000;39;trapping all;Atlantic Ocean;Kg          
Shannon trapping all;2001;3;trapping all;Atlantic Ocean;Kg          
Shannon trapping all;2002;178;trapping all;Atlantic Ocean;Kg          
Shannon trapping all;2003;378;trapping all;Atlantic Ocean;Kg          
Shannon trapping all;2004;58.1;trapping all;Atlantic Ocean;Kg          
Shannon trapping all;2005;41.4;trapping all;Atlantic Ocean;Kg          
Shannon trapping all;2006;42;trapping all;Atlantic Ocean;Kg          
Shannon trapping all;2007;45;trapping all;Atlantic Ocean;Kg          
Shannon trapping all;2008;7;trapping all;Atlantic Ocean;Kg          
Shannon trapping all;2009;7.75;trapping all;Atlantic Ocean;Kg          
Shannon trapping all;2010;49.73;trapping all;Atlantic Ocean;Kg          
Shannon trapping all;2011;7.24;trapping all;Atlantic Ocean;Kg          
Shannon trapping all;2012;22.5;trapping all;Atlantic Ocean;Kg          
Shannon trapping all;2013;46.615;trapping all;Atlantic Ocean;Kg          
Shannon trapping all;2014;45.805;trapping all;Atlantic Ocean;Kg          
Shannon trapping all;2015;11.12;trapping all;Atlantic Ocean;Kg          
Stellendam scientific estimate;1988;13.78;scientific estimate;North sea;Index       
Stellendam scientific estimate;1989;4.37;scientific estimate;North sea;Index       
Stellendam scientific estimate;1990;10.86;scientific estimate;North sea;Index       
Stellendam scientific estimate;1991;3.08;scientific estimate;North sea;Index       
Stellendam scientific estimate;1992;16.93;scientific estimate;North sea;Index       
Stellendam scientific estimate;1993;10.13;scientific estimate;North sea;Index       
Stellendam scientific estimate;1994;4.01;scientific estimate;North sea;Index       
Stellendam scientific estimate;1995;3.26;scientific estimate;North sea;Index       
Stellendam scientific estimate;1996;0.48;scientific estimate;North sea;Index       
Stellendam scientific estimate;1997;2.8;scientific estimate;North sea;Index       
Stellendam scientific estimate;1998;0.99;scientific estimate;North sea;Index       
Stellendam scientific estimate;1999;1.18;scientific estimate;North sea;Index       
Stellendam scientific estimate;2000;7.11;scientific estimate;North sea;Index       
Stellendam scientific estimate;2001;0.9534;scientific estimate;North sea;Index       
Stellendam scientific estimate;2002;4.23;scientific estimate;North sea;Index       
Stellendam scientific estimate;2003;0.34;scientific estimate;North sea;Index       
Stellendam scientific estimate;2004;0.31;scientific estimate;North sea;Index       
Stellendam scientific estimate;2005;0.23;scientific estimate;North sea;Index       
Stellendam scientific estimate;2006;0.03;scientific estimate;North sea;Index       
Stellendam scientific estimate;2007;0.13;scientific estimate;North sea;Index       
Stellendam scientific estimate;2008;0.02;scientific estimate;North sea;Index       
Stellendam scientific estimate;2009;0.45;scientific estimate;North sea;Index       
Stellendam scientific estimate;2010;0.17;scientific estimate;North sea;Index       
Stellendam scientific estimate;2011;0.33;scientific estimate;North sea;Index       
Stellendam scientific estimate;2012;0.13;scientific estimate;North sea;Index       
Stellendam scientific estimate;2013;0.2;scientific estimate;North sea;Index       
Stellendam scientific estimate;2014;0.537;scientific estimate;North sea;Index       
Stellendam scientific estimate;2015;0.229;scientific estimate;North sea;Index       
Tiber commercial catch;1975;11;commercial catch;Mediterannean Sea;t           
Tiber commercial catch;1976;6.7;commercial catch;Mediterannean Sea;t           
Tiber commercial catch;1977;5.9;commercial catch;Mediterannean Sea;t           
Tiber commercial catch;1978;3.6;commercial catch;Mediterannean Sea;t           
Tiber commercial catch;1979;8.4;commercial catch;Mediterannean Sea;t           
Tiber commercial catch;1980;8.2;commercial catch;Mediterannean Sea;t           
Tiber commercial catch;1981;4;commercial catch;Mediterannean Sea;t           
Tiber commercial catch;1982;4;commercial catch;Mediterannean Sea;t           
Tiber commercial catch;1983;4;commercial catch;Mediterannean Sea;t           
Tiber commercial catch;1984;1.8;commercial catch;Mediterannean Sea;t           
Tiber commercial catch;1985;2.5;commercial catch;Mediterannean Sea;t           
Tiber commercial catch;1986;0.2;commercial catch;Mediterannean Sea;t           
Tiber commercial catch;1987;7.4;commercial catch;Mediterannean Sea;t           
Tiber commercial catch;1988;10.5;commercial catch;Mediterannean Sea;t           
Tiber commercial catch;1989;5.5;commercial catch;Mediterannean Sea;t           
Tiber commercial catch;1990;4.4;commercial catch;Mediterannean Sea;t           
Tiber commercial catch;1991;0.8;commercial catch;Mediterannean Sea;t           
Tiber commercial catch;1992;0.6;commercial catch;Mediterannean Sea;t           
Tiber commercial catch;1993;0.5;commercial catch;Mediterannean Sea;t           
Tiber commercial catch;1994;0.5;commercial catch;Mediterannean Sea;t           
Tiber commercial catch;1995;0.3;commercial catch;Mediterannean Sea;t           
Tiber commercial catch;1996;0.1;commercial catch;Mediterannean Sea;t           
Tiber commercial catch;1997;0.1;commercial catch;Mediterannean Sea;t           
Tiber commercial catch;1998;0.13;commercial catch;Mediterannean Sea;t           
Tiber commercial catch;1999;0.06;commercial catch;Mediterannean Sea;t           
Tiber commercial catch;2000;0.07;commercial catch;Mediterannean Sea;t           
Tiber commercial catch;2001;0.04;commercial catch;Mediterannean Sea;t           
Tiber commercial catch;2002;0.02;commercial catch;Mediterannean Sea;t           
Tiber commercial catch;2003;0.02;commercial catch;Mediterannean Sea;t           
Tiber commercial catch;2004;0.03;commercial catch;Mediterannean Sea;t           
Tiber commercial catch;2005;0.03;commercial catch;Mediterannean Sea;t           
Vida commercial catch;1971;787;commercial catch;North sea;Kg          
Vida commercial catch;1972;780;commercial catch;North sea;Kg          
Vida commercial catch;1973;641;commercial catch;North sea;Kg          
Vida commercial catch;1974;464;commercial catch;North sea;Kg          
Vida commercial catch;1975;888;commercial catch;North sea;Kg          
Vida commercial catch;1976;828;commercial catch;North sea;Kg          
Vida commercial catch;1977;91;commercial catch;North sea;Kg          
Vida commercial catch;1978;335;commercial catch;North sea;Kg          
Vida commercial catch;1979;220;commercial catch;North sea;Kg          
Vida commercial catch;1980;220;commercial catch;North sea;Kg          
Vida commercial catch;1981;226;commercial catch;North sea;Kg          
Vida commercial catch;1982;490;commercial catch;North sea;Kg          
Vida commercial catch;1983;662;commercial catch;North sea;Kg          
Vida commercial catch;1984;123;commercial catch;North sea;Kg          
Vida commercial catch;1985;13;commercial catch;North sea;Kg          
Vida commercial catch;1986;123;commercial catch;North sea;Kg          
Vida commercial catch;1987;341;commercial catch;North sea;Kg          
Vida commercial catch;1988;141;commercial catch;North sea;Kg          
Vida commercial catch;1989;9;commercial catch;North sea;Kg          
Vida commercial catch;1990;5;commercial catch;North sea;Kg          
Vilaine Arzal trapping all;1971;44;trapping all;Atlantic Ocean;t           
Vilaine Arzal trapping all;1972;38;trapping all;Atlantic Ocean;t           
Vilaine Arzal trapping all;1973;78;trapping all;Atlantic Ocean;t           
Vilaine Arzal trapping all;1974;107;trapping all;Atlantic Ocean;t           
Vilaine Arzal trapping all;1975;44;trapping all;Atlantic Ocean;t           
Vilaine Arzal trapping all;1976;106;trapping all;Atlantic Ocean;t           
Vilaine Arzal trapping all;1977;52;trapping all;Atlantic Ocean;t           
Vilaine Arzal trapping all;1978;106;trapping all;Atlantic Ocean;t           
Vilaine Arzal trapping all;1979;209;trapping all;Atlantic Ocean;t           
Vilaine Arzal trapping all;1980;95;trapping all;Atlantic Ocean;t           
Vilaine Arzal trapping all;1981;57;trapping all;Atlantic Ocean;t           
Vilaine Arzal trapping all;1982;98;trapping all;Atlantic Ocean;t           
Vilaine Arzal trapping all;1983;69;trapping all;Atlantic Ocean;t           
Vilaine Arzal trapping all;1984;36;trapping all;Atlantic Ocean;t           
Vilaine Arzal trapping all;1985;41;trapping all;Atlantic Ocean;t           
Vilaine Arzal trapping all;1986;52.6;trapping all;Atlantic Ocean;t           
Vilaine Arzal trapping all;1987;41.2;trapping all;Atlantic Ocean;t           
Vilaine Arzal trapping all;1988;46.6;trapping all;Atlantic Ocean;t           
Vilaine Arzal trapping all;1989;36.7;trapping all;Atlantic Ocean;t           
Vilaine Arzal trapping all;1990;35.9;trapping all;Atlantic Ocean;t           
Vilaine Arzal trapping all;1991;15.35;trapping all;Atlantic Ocean;t           
Vilaine Arzal trapping all;1992;29.57;trapping all;Atlantic Ocean;t           
Vilaine Arzal trapping all;1993;31;trapping all;Atlantic Ocean;t           
Vilaine Arzal trapping all;1994;24;trapping all;Atlantic Ocean;t           
Vilaine Arzal trapping all;1995;29.7;trapping all;Atlantic Ocean;t           
Vilaine Arzal trapping all;1996;23.286;trapping all;Atlantic Ocean;t           
Vilaine Arzal trapping all;1997;22.85;trapping all;Atlantic Ocean;t           
Vilaine Arzal trapping all;1998;18.9;trapping all;Atlantic Ocean;t           
Vilaine Arzal trapping all;1999;16;trapping all;Atlantic Ocean;t           
Vilaine Arzal trapping all;2000;14.45;trapping all;Atlantic Ocean;t           
Vilaine Arzal trapping all;2001;8.46;trapping all;Atlantic Ocean;t           
Vilaine Arzal trapping all;2002;15.9;trapping all;Atlantic Ocean;t           
Vilaine Arzal trapping all;2003;9.37;trapping all;Atlantic Ocean;t           
Vilaine Arzal trapping all;2004;7.49;trapping all;Atlantic Ocean;t           
Vilaine Arzal trapping all;2005;7.36;trapping all;Atlantic Ocean;t           
Vilaine Arzal trapping all;2006;6.6;trapping all;Atlantic Ocean;t           
Vilaine Arzal trapping all;2007;7.7;trapping all;Atlantic Ocean;t           
Vilaine Arzal trapping all;2008;5.1;trapping all;Atlantic Ocean;t           
Vilaine Arzal trapping all;2009;2.2;trapping all;Atlantic Ocean;t           
Vilaine Arzal trapping all;2010;3.8;trapping all;Atlantic Ocean;t           
Vilaine Arzal trapping all;2011;3.7;trapping all;Atlantic Ocean;t           
Vilaine Arzal trapping all;2015;4.4;trapping all;Atlantic Ocean;t           
Viskan Sluices trapping all;1972;88;trapping all;North sea;Kg          
Viskan Sluices trapping all;1973;177;trapping all;North sea;Kg          
Viskan Sluices trapping all;1974;13;trapping all;North sea;Kg          
Viskan Sluices trapping all;1975;99;trapping all;North sea;Kg          
Viskan Sluices trapping all;1976;501;trapping all;North sea;Kg          
Viskan Sluices trapping all;1977;850;trapping all;North sea;Kg          
Viskan Sluices trapping all;1978;532.6;trapping all;North sea;Kg          
Viskan Sluices trapping all;1979;505.2;trapping all;North sea;Kg          
Viskan Sluices trapping all;1980;72.5;trapping all;North sea;Kg          
Viskan Sluices trapping all;1981;513.1;trapping all;North sea;Kg          
Viskan Sluices trapping all;1982;472;trapping all;North sea;Kg          
Viskan Sluices trapping all;1983;308.4;trapping all;North sea;Kg          
Viskan Sluices trapping all;1984;20.7;trapping all;North sea;Kg          
Viskan Sluices trapping all;1985;211.5;trapping all;North sea;Kg          
Viskan Sluices trapping all;1986;150.9;trapping all;North sea;Kg          
Viskan Sluices trapping all;1987;140.9;trapping all;North sea;Kg          
Viskan Sluices trapping all;1988;91.9;trapping all;North sea;Kg          
Viskan Sluices trapping all;1989;32.7;trapping all;North sea;Kg          
Viskan Sluices trapping all;1990;42.1;trapping all;North sea;Kg          
Viskan Sluices trapping all;1991;0.4;trapping all;North sea;Kg          
Viskan Sluices trapping all;1992;70.3;trapping all;North sea;Kg          
Viskan Sluices trapping all;1993;43.4;trapping all;North sea;Kg          
Viskan Sluices trapping all;1994;76.1;trapping all;North sea;Kg          
Viskan Sluices trapping all;1995;5.5;trapping all;North sea;Kg          
Viskan Sluices trapping all;1996;10;trapping all;North sea;Kg          
Viskan Sluices trapping all;1997;7.6;trapping all;North sea;Kg          
Viskan Sluices trapping all;1998;5;trapping all;North sea;Kg          
Viskan Sluices trapping all;1999;1.8;trapping all;North sea;Kg          
Viskan Sluices trapping all;2000;14.1;trapping all;North sea;Kg          
Viskan Sluices trapping all;2001;1.8;trapping all;North sea;Kg          
Viskan Sluices trapping all;2002;26.2;trapping all;North sea;Kg          
Viskan Sluices trapping all;2003;45.1;trapping all;North sea;Kg          
Viskan Sluices trapping all;2004;5;trapping all;North sea;Kg          
Viskan Sluices trapping all;2005;25.8;trapping all;North sea;Kg          
Viskan Sluices trapping all;2006;2.7;trapping all;North sea;Kg          
Viskan Sluices trapping all;2007;2.1;trapping all;North sea;Kg          
Viskan Sluices trapping all;2008;3.4;trapping all;North sea;Kg          
Viskan Sluices trapping all;2009;2.14;trapping all;North sea;Kg          
Viskan Sluices trapping all;2010;0.03;trapping all;North sea;Kg          
Viskan Sluices trapping all;2011;0.015;trapping all;North sea;Kg          
Viskan Sluices trapping all;2012;0.046;trapping all;North sea;Kg          
Viskan Sluices trapping all;2013;3.611;trapping all;North sea;Kg          
Viskan Sluices trapping all;2014;37.83;trapping all;North sea;Kg          
Viskan Sluices trapping all;2015;8.357;trapping all;North sea;Kg          
